<?xml version="1.0" encoding="UTF-8" standalone="no"?>
<MD_Metadata xmlns="http://www.isotc211.org/2005/gmd" xmlns:gco="http://www.isotc211.org/2005/gco" xmlns:gmd="http://www.isotc211.org/2005/gmd" xmlns:gml="http://www.opengis.net/gml" xmlns:xlink="http://www.w3.org/1999/xlink" xmlns:xsi="http://www.w3.org/2001/XMLSchema-instance" xsi:schemaLocation="http://www.isotc211.org/2005/gmd http://www.isotc211.org/2005/gmd/gmd.xsd      http://www.opengis.net/gml http://www.isotc211.org/2005/gml/gml.xsd      http://www.w3.org/1999/xlink http://www.isotc211.org/2005/xlink/xlinks.xsd">
    <fileIdentifier>
        <gco:CharacterString>{33C0A76E-F6CE-4F38-AB2E-A8B13F529A85}</gco:CharacterString>
    </fileIdentifier>
    <language>
        <gco:CharacterString>eng</gco:CharacterString>
    </language>
    <characterSet>
        <MD_CharacterSetCode codeList="http://www.isotc211.org/2005/resources/Codelist/gmxCodelists.xml#MD_CharacterSetCode" codeListValue="utf8"/>
    </characterSet>
    <parentIdentifier>
        <gco:CharacterString>{5D7F5911-9CF3-413D-B2DE-C1F99A3AFCAA}</gco:CharacterString>
    </parentIdentifier>
    <hierarchyLevel>
        <MD_ScopeCode codeList="http://www.isotc211.org/2005/resources/Codelist/gmxCodelists.xml#MD_ScopeCode" codeListValue="dataset">dataset</MD_ScopeCode>
    </hierarchyLevel>
    
    <contact>
        <CI_ResponsibleParty id="metadataContact">
            <organisationName>
                <gco:CharacterString>Department of Environment and Science</gco:CharacterString>
            </organisationName>
            <positionName>
                <gco:CharacterString>Principal Scientist (Remote Sensing)</gco:CharacterString>
            </positionName>
            <contactInfo>
                <CI_Contact>
                    <phone>
                        <CI_Telephone>
                            <voice>
                                <gco:CharacterString>(07) 3170 5686</gco:CharacterString>
                            </voice>
                        </CI_Telephone>
                    </phone>
                    <address>
                        <CI_Address>
                            <deliveryPoint>
                                <gco:CharacterString>41 Boggo Road</gco:CharacterString>
                            </deliveryPoint>
                            <city>
                                <gco:CharacterString>Dutton Park</gco:CharacterString>
                            </city>
                            <administrativeArea>
                                <gco:CharacterString>Queensland</gco:CharacterString>
                            </administrativeArea>
                            <postalCode>
                                <gco:CharacterString>4000</gco:CharacterString>
                            </postalCode>
                            <country>
                                <gco:CharacterString>Australia</gco:CharacterString>
                            </country>
                            <electronicMailAddress>
                                <gco:CharacterString>Dave.Harris@des.qld.gov.au</gco:CharacterString>
                            </electronicMailAddress>
                        </CI_Address>
                    </address>
                    <onlineResource>
                        <CI_OnlineResource>
                            <linkage>
                                <URL>http://www.qld.gov.au/environment/land/vegetation/mapping/slats/</URL>
                            </linkage>
                        </CI_OnlineResource>
                    </onlineResource>
                </CI_Contact>
            </contactInfo>
            <role>
                <CI_RoleCode codeList="http://www.isotc211.org/2005/resources/Codelist/gmxCodelists.xml#CI_RoleCode" codeListValue="pointOfContact">pointOfContact</CI_RoleCode>
            </role>
        </CI_ResponsibleParty>
    </contact>
    <dateStamp>
        <gco:Date>2014-04-16</gco:Date>
    </dateStamp>
    <metadataStandardName>
        <gco:CharacterString>ISO 19115:2005, ANZLIC ISO 1.1</gco:CharacterString>
    </metadataStandardName>
    <metadataStandardVersion>
        <gco:CharacterString>QGIS</gco:CharacterString>
    </metadataStandardVersion>
    <referenceSystemInfo>
        <MD_ReferenceSystem id="coordRefSystem">
            <referenceSystemIdentifier>
                <RS_Identifier>
                    <authority>
                        <CI_Citation>
                            <title>
                                <gco:CharacterString>EPSG Geodetic Parameter
                                Dataset</gco:CharacterString>
                            </title>
                            <date>
                                <CI_Date>
                                    <date>
                                        <gco:Date>2007-07-16</gco:Date>
                                    </date>
                                    <dateType>
                                        <CI_DateTypeCode codeList="http://www.isotc211.org/2005/resources/Codelist/gmxCodelists.xml#CI_DateTypeCode" codeListValue="revision">revision </CI_DateTypeCode>
                                    </dateType>
                                </CI_Date>
                            </date>
                            <edition>
                                <gco:CharacterString>Version 6.13</gco:CharacterString>
                            </edition>
                        </CI_Citation>
                    </authority>
                    <code>
                        <gco:CharacterString>EPSG:4283</gco:CharacterString>
                    </code>
                </RS_Identifier>
            </referenceSystemIdentifier>
        </MD_ReferenceSystem>
    </referenceSystemInfo>
    
    
    
    <identificationInfo>
        <MD_DataIdentification>
            <citation>
                <CI_Citation>
                    <title>
                        <gco:CharacterString>Satellite image footprints and dates for SLATS analysis 1988 to 2012</gco:CharacterString>
                    </title>
                    <alternateTitle>
                        <gco:CharacterString>DP_QLD_VEG_SLATS_LANDSAT_DATES_A.zip</gco:CharacterString>
                    </alternateTitle>
                    <date>
                        <CI_Date>
                            <date>
                                <gco:Date>2015-04-28</gco:Date>
                            </date>
                            <dateType>
                                <CI_DateTypeCode codeList="http://www.isotc211.org/2005/resources/Codelist/gmxCodelists.xml#CI_DateTypeCode" codeListValue="publication"/>
                            </dateType>
                        </CI_Date>
                    </date>
                    
                    <identifier>
                        <MD_Identifier id="projectID">
                            <authority>
                                <CI_Citation>
                                    <title>
                                        <gco:CharacterString>Project Name</gco:CharacterString>
                                    </title>
                                    <date gco:nilReason="inapplicable"/>
                                </CI_Citation>
                            </authority>
                            <code>
                                <gco:CharacterString>SLATS</gco:CharacterString>
                            </code>
                        </MD_Identifier>
                    </identifier>
                    
                    <citedResponsibleParty>
                        <CI_ResponsibleParty id="resourceCustodian">
                            <organisationName>
                                <gco:CharacterString>Department of Environment and Science</gco:CharacterString>
                            </organisationName>
                            <positionName>
                                <gco:CharacterString>Assistant Director-General, Science Delivery</gco:CharacterString>
                            </positionName>
                            <contactInfo>
                                <CI_Contact>
                                                                
                                </CI_Contact>
                            </contactInfo>
                            <role>
                                <CI_RoleCode codeList="http://www.isotc211.org/2005/resources/Codelist/gmxCodelists.xml#CI_RoleCode" codeListValue="custodian">custodian</CI_RoleCode>
                            </role>
                        </CI_ResponsibleParty>
                    </citedResponsibleParty>
                    <citedResponsibleParty>
                        <CI_ResponsibleParty id="resourceOwner">
                            <organisationName>
                                <gco:CharacterString>Department of Environment and Science</gco:CharacterString>
                            </organisationName>
                            <positionName>
                                <gco:CharacterString>Assistant Director-General, Science Delivery</gco:CharacterString>
                            </positionName>
                            <role>
                                <CI_RoleCode codeList="http://www.isotc211.org/2005/resources/Codelist/gmxCodelists.xml#CI_RoleCode" codeListValue="owner">owner</CI_RoleCode>
                            </role>
                        </CI_ResponsibleParty>
                    </citedResponsibleParty>
                    
                    
                    
                    <presentationForm>
                        <CI_PresentationFormCode codeList="http://www.isotc211.org/2005/resources/Codelist/gmxCodelists.xml#CI_PresentationFormCode" codeListValue="mapDigital">mapDigital</CI_PresentationFormCode>
                    </presentationForm>
                    
                </CI_Citation>
            </citation>


            <abstract>
                <gco:CharacterString>Footprint of Landsat scenes and dates used in the Statewide Landcover and Trees Survey (SLATS). Dates listed are the image dates used for the SLATS reports from 1988 to 2012.</gco:CharacterString>
            </abstract>
            <purpose>
                <gco:CharacterString>Provide satellite image dates used in SLATS analysis to accompany SLATS vegetation change datasets.</gco:CharacterString>
            </purpose>
            <status>
                <MD_ProgressCode codeList="http://www.isotc211.org/2005/resources/Codelist/gmxCodelists.xml#MD_ProgressCode" codeListValue="completed">completed</MD_ProgressCode>
            </status>
            <pointOfContact>
                <CI_ResponsibleParty>
                    <organisationName>
                        <gco:CharacterString>Department of Environment and Science</gco:CharacterString>
                    </organisationName>
                    <positionName>
                        <gco:CharacterString>Principal Scientist (Remote Sensing)</gco:CharacterString>
                    </positionName>
                    <contactInfo>
                        <CI_Contact>
                            <phone>
                                <CI_Telephone>
                                    <voice>
                                        <gco:CharacterString>(07) 3170 5686</gco:CharacterString>
                                    </voice>
                                </CI_Telephone>
                            </phone>
                            <address>
                                <CI_Address>
                                    <deliveryPoint>
                                        <gco:CharacterString>41 Boggo Road</gco:CharacterString>
                                    </deliveryPoint>
                                    <city>
                                        <gco:CharacterString>Dutton Park</gco:CharacterString>
                                    </city>
                                    <administrativeArea>
                                        <gco:CharacterString>Queensland</gco:CharacterString>
                                    </administrativeArea>
                                    <postalCode>
                                        <gco:CharacterString>4000</gco:CharacterString>
                                    </postalCode>
                                    <country>
                                        <gco:CharacterString>Australia</gco:CharacterString>
                                    </country>
                                    <electronicMailAddress>
                                        <gco:CharacterString>Dave.Harris@des.qld.gov.au</gco:CharacterString>
                                    </electronicMailAddress>
                                </CI_Address>
                            </address>
                            <onlineResource>
                                <CI_OnlineResource>
                                    <linkage>
                                        <URL>http://www.qld.gov.au/environment/land/vegetation/mapping/slats/</URL>
                                    </linkage>
                                </CI_OnlineResource>
                            </onlineResource>                            
                        </CI_Contact>
                    </contactInfo>
                    <role>
                        <CI_RoleCode codeList="http://www.isotc211.org/2005/resources/Codelist/gmxCodelists.xml#CI_RoleCode" codeListValue="pointOfContact"/>
                    </role>
                </CI_ResponsibleParty>
            </pointOfContact>
            <resourceMaintenance>
                <MD_MaintenanceInformation>
                    <maintenanceAndUpdateFrequency>
                        <MD_MaintenanceFrequencyCode codeList="http://www.isotc211.org/2005/resources/Codelist/gmxCodelists.xml#MD_MaintenanceFrequencyCode" codeListValue="notPlanned"/>
                    </maintenanceAndUpdateFrequency>
                    
                </MD_MaintenanceInformation>
            </resourceMaintenance>
            
            <resourceFormat>
                <MD_Format>
                    <name>
                        <gco:CharacterString>Spatial Data Format</gco:CharacterString>
                    </name>
                    <version>
                        <gco:CharacterString>Created in AcrGIS 9.3</gco:CharacterString>
                    </version>
                </MD_Format>
            </resourceFormat>
            <descriptiveKeywords>
                <MD_Keywords id="ThemeAnzlicThesaurus">
                    <keyword>
                        <gco:CharacterString>AGRICULTURE</gco:CharacterString>
                    </keyword>
<keyword>
                        <gco:CharacterString>FORESTS</gco:CharacterString>
                    </keyword>
<keyword>
                        <gco:CharacterString>HUMAN-ENVIRONMENT</gco:CharacterString>
                    </keyword>
<keyword>
                        <gco:CharacterString>LAND-Cover</gco:CharacterString>
                    </keyword>
<keyword>
                        <gco:CharacterString>LAND-Use</gco:CharacterString>
                    </keyword>
<keyword>
                        <gco:CharacterString>PHOTOGRAPHY-AND-IMAGERY</gco:CharacterString>
                    </keyword>
<keyword>
                        <gco:CharacterString>PHOTOGRAPHY-AND-IMAGERY-Remote-Sensing</gco:CharacterString>
                    </keyword>
<keyword>
                        <gco:CharacterString>PHOTOGRAPHY-AND-IMAGERY-Satellite</gco:CharacterString>
                    </keyword>
<keyword>
                        <gco:CharacterString>VEGETATION</gco:CharacterString>
                    </keyword>
                    <type>
                        <MD_KeywordTypeCode codeList="http://www.isotc211.org/2005/resources/Codelist/gmxCodelists.xml#MD_KeywordTypeCode" codeListValue="theme">theme</MD_KeywordTypeCode>
                    </type>
                    <thesaurusName>
                        <CI_Citation>
                            <title>
                                <gco:CharacterString>ANZLIC Search Words</gco:CharacterString>
                            </title>
                            <date>
                                <CI_Date>
                                    <date gco:nilReason="unknown"/>
                                    <dateType>
                                        <CI_DateTypeCode codeList="http://www.isotc211.org/2005/resources/Codelist/gmxCodelists.xml#CI_DateTypeCode" codeListValue="publication">publication</CI_DateTypeCode>
                                    </dateType>
                                </CI_Date>
                            </date>
                        </CI_Citation>
                    </thesaurusName>
                </MD_Keywords>
            </descriptiveKeywords>
            <descriptiveKeywords>
                <MD_Keywords id="ThemeOpenDataThesaurus">
                    <keyword>
                        <gco:CharacterString>Sciences</gco:CharacterString>
                    </keyword>
                    <type>
                        <MD_KeywordTypeCode codeList="http://www.isotc211.org/2005/resources/Codelist/gmxCodelists.xml#MD_KeywordTypeCode" codeListValue="theme">theme</MD_KeywordTypeCode>
                    </type>
                    <thesaurusName>
                        <CI_Citation>
                            <title>
                                <gco:CharacterString>Queensland Open Data Categories</gco:CharacterString>
                            </title>
                            <date>
                                <CI_Date>
                                    <date gco:nilReason="unknown"/>
                                    <dateType>
                                        <CI_DateTypeCode codeList="http://www.isotc211.org/2005/resources/Codelist/gmxCodelists.xml#CI_DateTypeCode" codeListValue="publication">publication</CI_DateTypeCode>
                                    </dateType>
                                </CI_Date>
                            </date>
                        </CI_Citation>
                    </thesaurusName>
                </MD_Keywords>
            </descriptiveKeywords>
            <descriptiveKeywords>
                <MD_Keywords id="ThemeOtherThesaurus">
                    <keyword>
                        <gco:CharacterString>Trees</gco:CharacterString>
                    </keyword>
<keyword>
                        <gco:CharacterString>Survey</gco:CharacterString>
                    </keyword>
<keyword>
                        <gco:CharacterString>Dates</gco:CharacterString>
                    </keyword>
<keyword>
                        <gco:CharacterString>Statewide</gco:CharacterString>
                    </keyword>
<keyword>
                        <gco:CharacterString>SLATS</gco:CharacterString>
                    </keyword>
<keyword>
                        <gco:CharacterString>Clearing</gco:CharacterString>
                    </keyword>
<keyword>
                        <gco:CharacterString>Change</gco:CharacterString>
                    </keyword>
                    <type>
                        <MD_KeywordTypeCode codeList="http://www.isotc211.org/2005/resources/Codelist/gmxCodelists.xml#MD_KeywordTypeCode" codeListValue="theme">theme</MD_KeywordTypeCode>
                    </type>
                    <thesaurusName>
                        <CI_Citation>
                            <title>
                                <gco:CharacterString>Common policy</gco:CharacterString>
                            </title>
                            <date>
                                <CI_Date>
                                    <date gco:nilReason="unknown"/>
                                    <dateType>
                                        <CI_DateTypeCode codeList="http://www.isotc211.org/2005/resources/Codelist/gmxCodelists.xml#CI_DateTypeCode" codeListValue="publication">publication</CI_DateTypeCode>
                                    </dateType>
                                </CI_Date>
                            </date>
                            <otherCitationDetails>
                                <gco:CharacterString>Theme keywords input by metadata
                                publisher</gco:CharacterString>
                            </otherCitationDetails>
                        </CI_Citation>
                    </thesaurusName>
                </MD_Keywords>
            </descriptiveKeywords>
            
            <resourceConstraints>
                <MD_SecurityConstraints>
                    
                    <classification>
                        <MD_ClassificationCode codeList="http://www.isotc211.org/2005/resources/Codelist/gmxCodelists.xml#MD_ClassificationCode" codeListValue="unclassified">unclassified</MD_ClassificationCode>
                    </classification>
                    <classificationSystem>
                        <gco:CharacterString>Resource Access Level</gco:CharacterString>
                    </classificationSystem>
                </MD_SecurityConstraints>
            </resourceConstraints>
            <resourceConstraints>
                <MD_LegalConstraints>
                    <useLimitation>
                        <gco:CharacterString>&amp;copy State of Queensland (Department of Environment and Science) 2020</gco:CharacterString>
                    </useLimitation>
                    <useConstraints>
                        <MD_RestrictionCode codeList="http://www.isotc211.org/2005/resources/Codelist/gmxCodelists.xml#MD_RestrictionCode" codeListValue="copyright">copyright</MD_RestrictionCode>
                    </useConstraints>
                </MD_LegalConstraints>
            </resourceConstraints>
            <resourceConstraints>
                <MD_LegalConstraints>
                    <useLimitation>
                        <gco:CharacterString>This material is licensed under a &lt;a rel="license" href="http://creativecommons.org/licenses/by/4.0/"&gt;Creative Commons - Attribution 3.0 Australia&lt;/a&gt; licence.&lt;br /&gt; &lt;a rel="license" href="http://creativecommons.org/licenses/by/4.0/"&gt;&lt;img alt="Creative Commons License" title="Creative Commons - Attribution 3.0 Australia License" style="border: 0;" src="https://licensebuttons.net/l/by/4.0/88x31.png" /&gt;&lt;/a&gt;&lt;br /&gt; The Department of Environment and Science requests attribution in the following manner:&lt;br /&gt; &amp;copy State of Queensland (Department of Environment and Science) 2020. Updated data available at http://qldspatial.information.qld.gov.au/catalogue//</gco:CharacterString>
                    </useLimitation>
                    <useConstraints>
                        <MD_RestrictionCode codeList="http://www.isotc211.org/2005/resources/Codelist/gmxCodelists.xml#MD_RestrictionCode" codeListValue="license">license</MD_RestrictionCode>
                    </useConstraints>
                </MD_LegalConstraints>
            </resourceConstraints>
            
            
            
            
            <aggregationInfo>
                <MD_AggregateInformation>
                    <aggregateDataSetIdentifier>
                        <MD_Identifier>
                            <code>
                                <gco:CharacterString>Statewide Landcover and Trees Study</gco:CharacterString>
                            </code>
                        </MD_Identifier>
                    </aggregateDataSetIdentifier>
                    <associationType>
                        <DS_AssociationTypeCode codeList="http://www.isotc211.org/2005/resources/Codelist/gmxCodelists.xml#DS_AssociationTypeCode" codeListValue="crossReference">crossReference</DS_AssociationTypeCode>
                    </associationType>
                </MD_AggregateInformation>
            </aggregationInfo>
            <spatialRepresentationType>
                <MD_SpatialRepresentationTypeCode codeList="http://www.isotc211.org/2005/resources/Codelist/gmxCodelists.xml#MD_SpatialRepresentationTypeCode" codeListValue="vector">vector</MD_SpatialRepresentationTypeCode>
            </spatialRepresentationType>
            
            <language>
                <gco:CharacterString>eng</gco:CharacterString>
            </language>
            <characterSet gco:nilReason="unknown"/>
            <topicCategory>
                <MD_TopicCategoryCode>imageryBaseMapsEarthCover</MD_TopicCategoryCode>
            </topicCategory>
            <environmentDescription>
                <gco:CharacterString>Directory</gco:CharacterString>
            </environmentDescription>
            <extent>
                <EX_Extent>
                    <geographicElement>
                        <EX_GeographicBoundingBox>
                            <westBoundLongitude>
                                <gco:Decimal>137.5</gco:Decimal>
                            </westBoundLongitude>
                            <eastBoundLongitude>
                                <gco:Decimal>155.5</gco:Decimal>
                            </eastBoundLongitude>
                            <southBoundLatitude>
                                <gco:Decimal>-29.5</gco:Decimal>
                            </southBoundLatitude>
                            <northBoundLatitude>
                                <gco:Decimal>-9</gco:Decimal>
                            </northBoundLatitude>
                        </EX_GeographicBoundingBox>
                    </geographicElement>
                    <geographicElement>
                        <EX_GeographicDescription>
                            <geographicIdentifier>
                                <MD_Identifier>
                                    <authority>
                                        <CI_Citation>
                                            <title>
                                                <gco:CharacterString>ANZLIC Geographic Extent Name
                                                  Register</gco:CharacterString>
                                            </title>
                                            <date>
                                                <CI_Date>
                                                  <date>
                                                  <gco:Date>2003-09-19</gco:Date>
                                                  </date>
                                                  <dateType>
                                                  <CI_DateTypeCode codeList="http://www.isotc211.org/2005/resources/Codelist/gmxCodelists.xml#CI_DateTypeCode" codeListValue="publication">publication</CI_DateTypeCode>
                                                  </dateType>
                                                </CI_Date>
                                            </date>
                                            <edition>
                                                <gco:CharacterString>2</gco:CharacterString>
                                            </edition>
                                        </CI_Citation>
                                    </authority>
                                    <code>
                                        <gco:CharacterString>Queensland</gco:CharacterString>
                                    </code>
                                </MD_Identifier>
                            </geographicIdentifier>
                        </EX_GeographicDescription>
                    </geographicElement>
                    
                    <temporalElement>
                        <EX_TemporalExtent>
                            <extent>
                                <gml:TimePeriod frame="#ISO-8601" gml:id="timePeriod1">
                                    <gml:beginPosition>1988</gml:beginPosition>
                                    <gml:endPosition>2012</gml:endPosition>
                                </gml:TimePeriod>
                            </extent>
                        </EX_TemporalExtent>
                    </temporalElement>
                </EX_Extent>
            </extent>
            
        </MD_DataIdentification>
    </identificationInfo>
    <distributionInfo>
        <MD_Distribution>
            <distributionFormat>
                <MD_Format id="DownloadService">
                    <name>
                        <gco:CharacterString>Queensland Spatial Catalogue</gco:CharacterString>
                    </name>
                    <version gco:nilReason="inapplicable"/>
                    <specification>
                        <gco:CharacterString>Download Service</gco:CharacterString>
                    </specification>
                    <formatDistributor>
                        <MD_Distributor>
                            <distributorContact>
                                <CI_ResponsibleParty>
                                    <organisationName>
                                        <gco:CharacterString>Department of Environment and Science</gco:CharacterString>
                                    </organisationName>
                                    <role>
                                        <CI_RoleCode codeList="http://www.isotc211.org/2005/resources/Codelist/gmxCodelists.xml#CI_RoleCode" codeListValue="resourceProvider">resourceProvider</CI_RoleCode>
                                    </role>
                                </CI_ResponsibleParty>
                            </distributorContact>
                            <distributionOrderProcess>
                                <MD_StandardOrderProcess>
                                    
                                    <orderingInstructions>
                                        <gco:CharacterString>Open the Queensland Spatial Catalogue (QSpatial). Select the large SEARCH button and all available records are displayed. Select one of the four filter options provided and then the further options within the filter. The resultant search is then displayed. Select your record and complete the order.</gco:CharacterString>
                                    </orderingInstructions>
                                </MD_StandardOrderProcess>
                            </distributionOrderProcess>
                            <distributorTransferOptions>
                                <MD_DigitalTransferOptions>
                                    <onLine>
                                        <CI_OnlineResource id="dns1">
                                            <linkage>
                                                <URL>http://qldspatial.information.qld.gov.au/catalogue/</URL>
                                            </linkage>
                                        </CI_OnlineResource>
                                    </onLine>
                                </MD_DigitalTransferOptions>
                            </distributorTransferOptions>
                        </MD_Distributor>
                    </formatDistributor>
                </MD_Format>
            </distributionFormat>
            
            
            <distributionFormat>
                <MD_Format id="GptBehaviour">
                    <name>
                        <gco:CharacterString>downloadableData</gco:CharacterString>
                    </name>
                    <version>
                        <gco:CharacterString>10.0</gco:CharacterString>
                    </version>
                    <specification>
                        <gco:CharacterString>ESRI ArcGIS Server Geoportal Extension Content Type</gco:CharacterString>
                    </specification>
                </MD_Format>
            </distributionFormat>
            <distributor>
                <MD_Distributor id="distributorContact1">
                    <distributorContact>
                        <CI_ResponsibleParty>
                            <organisationName>
                                <gco:CharacterString>Department of Environment and Science</gco:CharacterString>
                            </organisationName>
                            <positionName>
                                <gco:CharacterString>opendata@des.qld.gov.au</gco:CharacterString>
                            </positionName>
                            <role>
                                <CI_RoleCode codeList="http://www.isotc211.org/2005/resources/Codelist/gmxCodelists.xml#CI_RoleCode" codeListValue="distributor">distributor</CI_RoleCode>
                            </role>
                        </CI_ResponsibleParty>
                    </distributorContact>
                    
                    <distributorFormat>
                        <MD_Format>
                            <name>
                                <gco:CharacterString>From Queensland Spatial Catalogue as ESRI Shape file</gco:CharacterString>
                            </name>
                            <version gco:nilReason="inapplicable"/>
                        </MD_Format>
                    </distributorFormat>
                    <distributorTransferOptions>
                        <MD_DigitalTransferOptions>
                            <transferSize>
                                <gco:Real>13</gco:Real>
                            </transferSize>
                            <onLine>
                                <CI_OnlineResource>
                                    <linkage>
                                        <URL>http://qldspatial.information.qld.gov.au/catalogue/custom/search.page?q=%22Satellite image footprints and dates for SLATS analysis 1988 to 2012%22</URL>
                                    </linkage>
                                </CI_OnlineResource>
                            </onLine>
                            
                        </MD_DigitalTransferOptions>
                    </distributorTransferOptions>
                </MD_Distributor>
            </distributor>
            <transferOptions>
                <MD_DigitalTransferOptions id="download">
                    <onLine>
                        <CI_OnlineResource>
                            <linkage>
                                <URL/>
                            </linkage>
                            <function>
                                <CI_OnLineFunctionCode codeList="http://www.isotc211.org/2005/resources/Codelist/gmxCodelists.xml#CI_OnLineFunctionCode" codeListValue="download">download</CI_OnLineFunctionCode>
                            </function>
                        </CI_OnlineResource>
                    </onLine>
                </MD_DigitalTransferOptions>
            </transferOptions>
        </MD_Distribution>
    </distributionInfo>
    <dataQualityInfo>
        <DQ_DataQuality>
            <scope>
                <DQ_Scope>
                    <level>
                        <MD_ScopeCode codeList="http://www.isotc211.org/2005/resources/Codelist/gmxCodelists.xml#MD_ScopeCode" codeListValue="dataset">dataset</MD_ScopeCode>
                    </level>
                    
                </DQ_Scope>
            </scope>
            
            
            
            
            
            
            
            
            <lineage>
                <LI_Lineage>
                    <statement>
                        <gco:CharacterString>The SLATS woody change detection uses calibration data, collected from an analysis of previous operator-interpreted and field-checked woody change data sets from previous years to develop the spectral and temporal change indices. The spectral index used a regression-based approach utilizing the extracted training data, and it was optimized to use bands and transforms that minimized the RMSE between predictions and measured change; minimized the sensitivity of the model to extreme values by calculating the mean and maximum of the partial derivatives of each band; and maximized the reduction in error variance per term. All processing was completed on logarithmic transformed reflective bands to minimize the effect of illumination differences. These coefficients were applied to the transformed Landsat bands and were summed to generate the regression model output. The time series FPC data were used to build a time series metric that uses a difference test based on the measured variance around a line fitted to the FPC time series., The final Woody vegetation change detection results in a classification representing change at 1%, 2%, 4%, 5%, 10% and 20% probability levels and values of 3 representing probable cropping change. The details of the approach are outlined in Danaher, T., Scarth, P., Armston, J., Collet, L., Kitchen, J., Gillingham, S., 2010. Ecosystem Function in Savannas: Measurement and Modelling at Landscape to Global Scales. Vol. Section 3. Remote Sensing of Biophysical and Biochemical Characteristics in Savannas How different remote sensing technologies contribute to measurement and understanding of savannas. Taylor and Francis, Remote sensing of tree-grass systems: The Eastern Australian Woodlands.&#13;
A desktop assessment of the difference classification was conducted for each scene to identify actual Woody vegetation change. Field validation and associated corrections as well as final QC checks by senior staff refine the analysis to a uniform standard. The scenes are then mosaiced to state-wide dataset, and filtered to remove clumps less than 3 pixels in size. A final recode is conducted using statewide datasets which identify land as ‘Urban’ or ‘forestry'.</gco:CharacterString>
                    </statement>
                    
                    <source>
                        <LI_Source>
                            <description>
                                <gco:CharacterString>Landsat TM and ETM+ L1T images are acquired from the USGS on an annual basis in the mid to late dry season. These values are scaled radiance values, after calibration. Georegistration is also by USGS. For further information, see the USGS website http://glovis.usgs.gov/, from where this data was downloaded. These dry season dates were selected to enhance spectral contrast between evergreen tree and shrub canopies and the predominantly senescent ground cover. All images are corrected to minimise the confounding effects of geometric distortion, radiometric variability and illumination geometry using the procedure described in Danaher et al (2010). Angle adjustment uses a Walthall-like equation, with coefficients tuned from all Landsat overlaps available at the time. Topographic correction uses the simple adjustment described in Shepherd et al. (2003) Correcting satellite imagery for the variance of reflectance and illumination with topography, International Journal of Remote Sensing Vol. 24, Issue. 17, 2003. Image edges are trimmed to remove ragged ends of scanlines, where data is missing for some bands and not others. Each image was masked for cloud, cloud shadow, water and areas with topographic shadow. Dates of capture for the Landsat imagery is found in the SLATS footprint dates dataset [QLD_SLATS-LANDSAT-DATES_X_A]. The cloud, cloud shadow and snow masks are based on the Fmask Landsat TM cloud algorithm. Zhu, Z. and Woodcock, C.E. (2012). Object-based cloud and cloud shadow detection in Landsat imagery Remote Sensing of Environment 118 (2012) 83-94. An extra test is performed to mask saturated cloud. The water mask was developed using Canonical Variates Analysis (CVA) of visually identified water and non-water signatures in radiometrically calibrated Queensland wide Landsat imagery. The index is a linear combination of bands, Log transformations of bands and interactive band terms. See Danaher, T. and Collett, L. 2006. Development, optimisation and multi-temporal application of a simple Landsat-based water index. Proc. of 13th Australasian Remote Sensing and Photogrammetry conference, Nov., 2006, Canberra, Aust. The topographic shadow mask was created by a ray casting technique described in Robertson, K. Spatial transformation for rapid scan-line surface shadowing, IEEE Computer Graphics and Applications, 1989. The Satellite and sun azimuth and zenith angles are calculated per pixel directly from the orbital geometry. Satellite orbit deduced from the orientation of the data region of the image. FPC is calculated using a model for prediction of overstorey FPC based on pre-processed Landsat imagery, a climatological ancillary variable, Vapor Pressure Deficit, and field calibration data collected from over 1900 sites in Queensland, outlined in Armston et al. (2009) Prediction and validation of foliage projective cover from Landsat-5 TM and Landsat-7 ETM+ imagery. Journal of Applied Remote Sensing 3, 033540-28. Due to the failure of the Landsat 5 satellite, Landsat TM imagery was unavailable for 2012 the only imagery available was Landsat ETM+ with approximately 22% of data missing from the known "SLC-off" error. A method was developed to composite multiple 2012 images together to fill in the missing data, refer to the SLATS report for further information. All other imagery corrections listed above were applied to these images.</gco:CharacterString>
                            </description>
                        </LI_Source>
                    </source>
                </LI_Lineage>
            </lineage>
        </DQ_DataQuality>
    </dataQualityInfo>
    <metadataConstraints>
        <MD_SecurityConstraints>
            <useLimitation>
                <gco:CharacterString>Public</gco:CharacterString>
            </useLimitation>
            <classification>
                <MD_ClassificationCode codeList="http://www.isotc211.org/2005/resources/Codelist/gmxCodelists.xml#MD_ClassificationCode" codeListValue="unclassified"/>
            </classification>
            <classificationSystem>
                <gco:CharacterString>Metadata Access Level</gco:CharacterString>
            </classificationSystem>
        </MD_SecurityConstraints>
    </metadataConstraints>
</MD_Metadata>