<?xml version="1.0" encoding="UTF-8" standalone="no"?>
<MD_Metadata xmlns="http://www.isotc211.org/2005/gmd" xmlns:gco="http://www.isotc211.org/2005/gco" xmlns:gmd="http://www.isotc211.org/2005/gmd" xmlns:gml="http://www.opengis.net/gml" xmlns:xlink="http://www.w3.org/1999/xlink" xmlns:xsi="http://www.w3.org/2001/XMLSchema-instance" xsi:schemaLocation="http://www.isotc211.org/2005/gmd http://www.isotc211.org/2005/gmd/gmd.xsd      http://www.opengis.net/gml http://www.isotc211.org/2005/gml/gml.xsd      http://www.w3.org/1999/xlink http://www.isotc211.org/2005/xlink/xlinks.xsd">
    <fileIdentifier>
        <gco:CharacterString>{EED12DF6-F96C-457A-8CA6-95F35A247418}</gco:CharacterString>
    </fileIdentifier>
    <language>
        <gco:CharacterString>eng</gco:CharacterString>
    </language>
    <characterSet>
        <MD_CharacterSetCode codeList="http://www.isotc211.org/2005/resources/Codelist/gmxCodelists.xml#MD_CharacterSetCode" codeListValue="utf8"/>
    </characterSet>
    <parentIdentifier>
        <gco:CharacterString>x</gco:CharacterString>
    </parentIdentifier>
    <hierarchyLevel>
        <MD_ScopeCode codeList="http://www.isotc211.org/2005/resources/Codelist/gmxCodelists.xml#MD_ScopeCode" codeListValue="dataset">dataset</MD_ScopeCode>
    </hierarchyLevel>
    
    <contact>
        <CI_ResponsibleParty id="metadataContact">
            <organisationName>
                <gco:CharacterString>Department of Environment and Science</gco:CharacterString>
            </organisationName>
            <positionName>
                <gco:CharacterString>Senior Scientist</gco:CharacterString>
            </positionName>
            <contactInfo>
                <CI_Contact>
                    <phone>
                        <CI_Telephone>
                            <voice>
                                <gco:CharacterString>+61731705510</gco:CharacterString>
                            </voice>
                        </CI_Telephone>
                    </phone>
                    <address>
                        <CI_Address>
                            <deliveryPoint>
                                <gco:CharacterString>Ecosciences Precinct, 41 Boggo Road</gco:CharacterString>
                            </deliveryPoint>
                            <city>
                                <gco:CharacterString>Dutton Park</gco:CharacterString>
                            </city>
                            <administrativeArea>
                                <gco:CharacterString>QLD</gco:CharacterString>
                            </administrativeArea>
                            <postalCode>
                                <gco:CharacterString>4000</gco:CharacterString>
                            </postalCode>
                            <country>
                                <gco:CharacterString>Australia</gco:CharacterString>
                            </country>
                            <electronicMailAddress>
                                <gco:CharacterString>silo@des.qld.gov.au</gco:CharacterString>
                            </electronicMailAddress>
                        </CI_Address>
                    </address>
                    <onlineResource>
                        <CI_OnlineResource>
                            <linkage>
                                <URL>https://www.longpaddock.qld.gov.au/silo/</URL>
                            </linkage>
                        </CI_OnlineResource>
                    </onlineResource>
                </CI_Contact>
            </contactInfo>
            <role>
                <CI_RoleCode codeList="http://www.isotc211.org/2005/resources/Codelist/gmxCodelists.xml#CI_RoleCode" codeListValue="pointOfContact">pointOfContact</CI_RoleCode>
            </role>
        </CI_ResponsibleParty>
    </contact>
    <dateStamp>
        <gco:Date>2017-02-14</gco:Date>
    </dateStamp>
    <metadataStandardName>
        <gco:CharacterString>ISO 19115:2005, ANZLIC ISO 1.1</gco:CharacterString>
    </metadataStandardName>
    <metadataStandardVersion>
        <gco:CharacterString>Minimum Validation</gco:CharacterString>
    </metadataStandardVersion>
    
    
    
    
    <identificationInfo>
        <MD_DataIdentification>
            <citation>
                <CI_Citation>
                    <title>
                        <gco:CharacterString>SILO Patched Point Data</gco:CharacterString>
                    </title>
                    <alternateTitle>
                        <gco:CharacterString>Metadata record only</gco:CharacterString>
                    </alternateTitle>
                    <date>
                        <CI_Date>
                            <date>
                                <gco:Date>2017-02-14</gco:Date>
                            </date>
                            <dateType>
                                <CI_DateTypeCode codeList="http://www.isotc211.org/2005/resources/Codelist/gmxCodelists.xml#CI_DateTypeCode" codeListValue="publication"/>
                            </dateType>
                        </CI_Date>
                    </date>
                    
                    
                    
                    <citedResponsibleParty>
                        <CI_ResponsibleParty id="resourceCustodian">
                            <organisationName>
                                <gco:CharacterString>Department of Environment and Science</gco:CharacterString>
                            </organisationName>
                            <positionName>
                                <gco:CharacterString>Assistant Director-General, Science Division</gco:CharacterString>
                            </positionName>
							<contactInfo>
                               <CI_Contact>
                                                             
                               </CI_Contact>
                            </contactInfo>							
                            <role>
                                <CI_RoleCode codeList="http://www.isotc211.org/2005/resources/Codelist/gmxCodelists.xml#CI_RoleCode" codeListValue="custodian">custodian</CI_RoleCode>
                            </role>
                        </CI_ResponsibleParty>
                    </citedResponsibleParty>
                    <citedResponsibleParty>
                        <CI_ResponsibleParty id="resourceOwner">
                            <organisationName>
                                <gco:CharacterString>Department of Environment and Science</gco:CharacterString>
                            </organisationName>
                            <positionName>
                                <gco:CharacterString>Assistant Director-General, Science Division</gco:CharacterString>
                            </positionName>
                            <role>
                                <CI_RoleCode codeList="http://www.isotc211.org/2005/resources/Codelist/gmxCodelists.xml#CI_RoleCode" codeListValue="owner">owner</CI_RoleCode>
                            </role>
                        </CI_ResponsibleParty>
                    </citedResponsibleParty>
                    
                    
                    
                    <presentationForm>
                        <CI_PresentationFormCode codeList="http://www.isotc211.org/2005/resources/Codelist/gmxCodelists.xml#CI_PresentationFormCode" codeListValue="documentDigital">documentDigital</CI_PresentationFormCode>
                    </presentationForm>
                    
                </CI_Citation>
            </citation>


            <abstract>
                <gco:CharacterString>The Patched Point Dataset (PPD) combines observations and interpolations to provide daily data for a selected set of stations (locations). The term 'patched' means that if on any day a station does not have an observation then the gap in the record is 'patched' (ie. filled) with an estimate obtained by spatial interpolation of the daily data from surrounding stations. Consequently the Patched Point Data for a given location always contain a complete data record, or in other words, there are no missing data.</gco:CharacterString>
            </abstract>
            <purpose>
                <gco:CharacterString>Patched Point datasets: temporal datasets at station locations, consisting of observed data when available, and interpolated data where observed data are missing.</gco:CharacterString>
            </purpose>
            <status>
                <MD_ProgressCode codeList="http://www.isotc211.org/2005/resources/Codelist/gmxCodelists.xml#MD_ProgressCode" codeListValue="onGoing">onGoing</MD_ProgressCode>
            </status>
            <pointOfContact>
                <CI_ResponsibleParty>
                    <organisationName>
                        <gco:CharacterString>Department of Environment and Science</gco:CharacterString>
                    </organisationName>
                    <positionName>
                        <gco:CharacterString>Senior Scientist</gco:CharacterString>
                    </positionName>
                    <contactInfo>
                        <CI_Contact>
                            <phone>
                                <CI_Telephone>
                                    <voice>
                                        <gco:CharacterString>+61731705510</gco:CharacterString>
                                    </voice>
                                </CI_Telephone>
                            </phone>
                            <address>
                                <CI_Address>
                                    
                                    
                                    
                                    
                                    
                                    <electronicMailAddress>
                                        <gco:CharacterString>silo@des.qld.gov.au</gco:CharacterString>
                                    </electronicMailAddress>
                                </CI_Address>
                            </address>
                                                        
                        </CI_Contact>
                    </contactInfo>
                    <role>
                        <CI_RoleCode codeList="http://www.isotc211.org/2005/resources/Codelist/gmxCodelists.xml#CI_RoleCode" codeListValue="pointOfContact"/>
                    </role>
                </CI_ResponsibleParty>
            </pointOfContact>
            <resourceMaintenance>
                <MD_MaintenanceInformation>
                    <maintenanceAndUpdateFrequency>
                        <MD_MaintenanceFrequencyCode codeList="http://www.isotc211.org/2005/resources/Codelist/gmxCodelists.xml#MD_MaintenanceFrequencyCode" codeListValue="daily"/>
                    </maintenanceAndUpdateFrequency>
                    
                </MD_MaintenanceInformation>
            </resourceMaintenance>
            
            <resourceFormat>
                <MD_Format>
                    <name>
                        <gco:CharacterString>Spatial Data Format</gco:CharacterString>
                    </name>
                    <version>
                        <gco:CharacterString>1</gco:CharacterString>
                    </version>
                </MD_Format>
            </resourceFormat>
            <descriptiveKeywords>
                <MD_Keywords id="ThemeAnzlicThesaurus">
                    <keyword>
                        <gco:CharacterString>CLIMATE-AND-WEATHER</gco:CharacterString>
                    </keyword>
                    <type>
                        <MD_KeywordTypeCode codeList="http://www.isotc211.org/2005/resources/Codelist/gmxCodelists.xml#MD_KeywordTypeCode" codeListValue="theme">theme</MD_KeywordTypeCode>
                    </type>
                    <thesaurusName>
                        <CI_Citation>
                            <title>
                                <gco:CharacterString>ANZLIC Search Words</gco:CharacterString>
                            </title>
                            <date>
                                <CI_Date>
                                    <date gco:nilReason="unknown"/>
                                    <dateType>
                                        <CI_DateTypeCode codeList="http://www.isotc211.org/2005/resources/Codelist/gmxCodelists.xml#CI_DateTypeCode" codeListValue="publication">publication</CI_DateTypeCode>
                                    </dateType>
                                </CI_Date>
                            </date>
                        </CI_Citation>
                    </thesaurusName>
                </MD_Keywords>
            </descriptiveKeywords>
            
            
            
            <resourceConstraints>
                <MD_SecurityConstraints id="resourceAccessConstraint">
                    
                    <classification>
                        <MD_ClassificationCode codeList="http://www.isotc211.org/2005/resources/Codelist/gmxCodelists.xml#MD_ClassificationCode" codeListValue="unclassified">unclassified</MD_ClassificationCode>
                    </classification>
                    <classificationSystem>
                        <gco:CharacterString>Resource Access Level</gco:CharacterString>
                    </classificationSystem>
                </MD_SecurityConstraints>
            </resourceConstraints>
            <resourceConstraints>
                <MD_LegalConstraints>
                    <useLimitation>
                        <gco:CharacterString>&amp;copy State of Queensland (Department of Environment and Science) 2020</gco:CharacterString>
                    </useLimitation>
                    <useConstraints>
                        <MD_RestrictionCode codeList="http://www.isotc211.org/2005/resources/Codelist/gmxCodelists.xml#MD_RestrictionCode" codeListValue="copyright">copyright</MD_RestrictionCode>
                    </useConstraints>
                </MD_LegalConstraints>
            </resourceConstraints>
            <resourceConstraints>
                <MD_LegalConstraints>
                    <useLimitation>
                        <gco:CharacterString>This material is licensed under a &lt;a rel="license" href="http://creativecommons.org/licenses/by/4.0/"&gt;Creative Commons - Attribution 4.0 International&lt;/a&gt; licence.&lt;br /&gt; &lt;a rel="license" href="http://creativecommons.org/licenses/by/4.0/"&gt;&lt;img alt="Creative Commons License" title="Creative Commons - Attribution 3.0 Australia License" style="border: 0;" src="https://licensebuttons.net/l/by/4.0/88x31.png" /&gt;&lt;/a&gt;&lt;br /&gt; Queensland Department of Environment and Science requests attribution in the following manner:&lt;br /&gt; &amp;copy State of Queensland (Queensland Department of Environment and Science) 2020.</gco:CharacterString>
                    </useLimitation>
                    <useConstraints>
                        <MD_RestrictionCode codeList="http://www.isotc211.org/2005/resources/Codelist/gmxCodelists.xml#MD_RestrictionCode" codeListValue="license">license</MD_RestrictionCode>
                    </useConstraints>
                </MD_LegalConstraints>
            </resourceConstraints>
            
            
            
            
            
            <spatialRepresentationType>
                <MD_SpatialRepresentationTypeCode codeList="http://www.isotc211.org/2005/resources/Codelist/gmxCodelists.xml#MD_SpatialRepresentationTypeCode" codeListValue="textTable">textTable</MD_SpatialRepresentationTypeCode>
            </spatialRepresentationType>
            
            <language>
                <gco:CharacterString>eng</gco:CharacterString>
            </language>
            <characterSet gco:nilReason="unknown"/>
            <topicCategory>
                <MD_TopicCategoryCode>environment</MD_TopicCategoryCode>
            </topicCategory>
            <environmentDescription>
                <gco:CharacterString>Open Data</gco:CharacterString>
            </environmentDescription>
            <extent>
                <EX_Extent>
                    <geographicElement>
                        <EX_GeographicBoundingBox>
                            <westBoundLongitude>
                                <gco:Decimal>112.00</gco:Decimal>
                            </westBoundLongitude>
                            <eastBoundLongitude>
                                <gco:Decimal>154.00</gco:Decimal>
                            </eastBoundLongitude>
                            <southBoundLatitude>
                                <gco:Decimal>-44.00</gco:Decimal>
                            </southBoundLatitude>
                            <northBoundLatitude>
                                <gco:Decimal>-10.00</gco:Decimal>
                            </northBoundLatitude>
                        </EX_GeographicBoundingBox>
                    </geographicElement>
                    
                    
                    <temporalElement>
                        <EX_TemporalExtent>
                            <extent>
                                <gml:TimePeriod frame="#ISO-8601" gml:id="timePeriod1">
                                    <gml:beginPosition indeterminatePosition="after">1888-12-31</gml:beginPosition>
                                    <gml:endPosition indeterminatePosition="now">2014-04-10</gml:endPosition>
                                </gml:TimePeriod>
                            </extent>
                        </EX_TemporalExtent>
                    </temporalElement>
                </EX_Extent>
            </extent>
            <supplementalInformation>
                <gco:CharacterString>A patched dataset usually contains observed data from a single reporting station. However in a small number of cases the patched dataset is assembled using data from the target station, plus one or more nearby 'comparable' stations. A composite dataset may be created if, for example, a long observational record can be created by merging the data from two or more nearby stations having similar climatologies. In most cases a comparable station is not available, so missing data are 'patched' using interpolated estimates.  Patched datasets are available in a range of formats, many of which contain source flags which indicate the source of each individual datum. The source flag can be used to identify composite datasets. The various source flags are shown in Table 1.&#13;
&lt;!DOCTYPE html PUBLIC "-//W3C//DTD XHTML 1.0 Transitional//EN" "http://www.w3.org/TR/xhtml1/DTD/xhtml1-transitional.dtd"&gt; &lt;html xmlns="http://www.w3.org1999/xhtml"&gt;&lt;head&gt;&lt;meta content="en-au" http-equiv="Content-Language" /&gt;&lt;meta content="text/html; charset=utf-8" http-equiv="Content-Type" /&gt;&lt;title&gt;Untitled 1&lt;/title&gt; &lt;style type="text/css"&gt; table.MsoNormalTable {line-height:107%; font-size:11.0pt; font-family:"Calibri",sans-serif; } p {margin-right:0cm; margin-left:0cm; font-size:12.0pt; font-family:"Calibri",serif;} .auto-style1 { text-align: left;}&lt;/style&gt; &lt;/head&gt; &lt;body&gt; &lt;div class="auto-style1"&gt; &lt;p align="center"&gt;&lt;b&gt; 	&lt;span style="font-family:&amp;quot;Calibri&amp;quot;,sans-serif"&gt;Table 1. Source flags used in P&lt;span style="mso-bidi-font-style:italic"&gt;atched Point Datasets&lt;/span&gt;&lt;/span&gt;&lt;/b&gt;&lt;span style="font-size:11.0pt;font-family:&amp;quot;Calibri&amp;quot;,sans-serif"&gt;&lt;o:p&gt;&lt;/o:p&gt;&lt;/span&gt;&lt;/p&gt; &lt;div align="center"&gt; &lt;table border="0" cellpadding="0" cellspacing="0" class="MsoNormalTable"&gt; &lt;tr style="mso-yfti-irow:0;mso-yfti-firstrow:yes"&gt; &lt;td style="border:solid windowtext 1.0pt;padding:0cm 5.4pt 0cm 5.4pt" valign="top"&gt; &lt;p align="center"&gt; &lt;b&gt;Flag&lt;/b&gt; &lt;span style="font-size:   11.0pt;font-family:&amp;quot;Calibri&amp;quot;,sans-serif"&gt; &lt;o:p&gt;&lt;/o:p&gt;&lt;/span&gt;&lt;/p&gt; &lt;/td&gt; &lt;td style="border:solid windowtext 1.0pt;border-left:none; padding:0cm 5.4pt 0cm 5.4pt" valign="top"&gt; &lt;p&gt;&lt;b&gt;Meaning&lt;/b&gt;&lt;span style="font-size:11.0pt;font-family:&amp;quot;Calibri&amp;quot;,sans-serif"&gt;&lt;o:p&gt;&lt;/o:p&gt;&lt;/span&gt;&lt;/p&gt; &lt;/td&gt; &lt;/tr&gt; &lt;tr style="mso-yfti-irow:1"&gt; &lt;td style="border:solid windowtext 1.0pt;border-top:none; padding:0cm 5.4pt 0cm 5.4pt" valign="top"&gt; &lt;p align="center"&gt;0&lt;span style="font-size:11.0pt; font-family:&amp;quot;Calibri&amp;quot;,sans-serif"&gt;&lt;o:p&gt;&lt;/o:p&gt;&lt;/span&gt;&lt;/p&gt; &lt;/td&gt; &lt;td style="border-top:none;border-left:none;border-bottom:solid windowtext 1.0pt;   border-right:solid windowtext 1.0pt;padding:0cm 5.4pt 0cm 5.4pt" valign="top"&gt; &lt;p&gt;Observation&lt;span style="font-size:11.0pt;font-family:&amp;quot;Calibri&amp;quot;,sans-serif"&gt;&lt;o:p&gt;&lt;/o:p&gt;&lt;/span&gt;&lt;/p&gt; &lt;/td&gt; &lt;/tr&gt; &lt;tr style="mso-yfti-irow:2"&gt; &lt;td style="border:solid windowtext 1.0pt;border-top:none; padding:0cm 5.4pt 0cm 5.4pt" valign="top"&gt; &lt;p align="center"&gt;13&lt;span style="font-size:11.0pt; font-family:&amp;quot;Calibri&amp;quot;,sans-serif"&gt;&lt;o:p&gt;&lt;/o:p&gt;&lt;/span&gt;&lt;/p&gt; &lt;/td&gt; &lt;td style="border-top:none;border-left:none;border-bottom:solid windowtext 1.0pt;   border-right:solid windowtext 1.0pt;padding:0cm 5.4pt 0cm 5.4pt" valign="top"&gt; &lt;p&gt;De-accumulation based on comparison station (seldom used)&lt;span style="font-size:11.0pt; font-family:&amp;quot;Calibri&amp;quot;,sans-serif"&gt;&lt;o:p&gt;&lt;/o:p&gt;&lt;/span&gt;&lt;/p&gt; &lt;/td&gt; &lt;/tr&gt; &lt;tr style="mso-yfti-irow:3"&gt; &lt;td style="border:solid windowtext 1.0pt;border-top:none; padding:0cm 5.4pt 0cm 5.4pt" valign="top"&gt; &lt;p align="center"&gt;15&lt;span style="font-size:11.0pt; font-family:&amp;quot;Calibri&amp;quot;,sans-serif"&gt;&lt;o:p&gt;&lt;/o:p&gt;&lt;/span&gt;&lt;/p&gt; &lt;/td&gt; &lt;td style="border-top:none;border-left:none;border-bottom:solid windowtext 1.0pt;   border-right:solid windowtext 1.0pt;padding:0cm 5.4pt 0cm 5.4pt" valign="top"&gt; &lt;p&gt;De-accumulation based on interpolated values&lt;span style="font-size:11.0pt;   font-family:&amp;quot;Calibri&amp;quot;,sans-serif"&gt;&lt;o:p&gt;&lt;/o:p&gt;&lt;/span&gt;&lt;/p&gt; &lt;/td&gt; &lt;/tr&gt; &lt;tr style="mso-yfti-irow:4"&gt; &lt;td style="border:solid windowtext 1.0pt;border-top:none;   padding:0cm 5.4pt 0cm 5.4pt" valign="top"&gt; &lt;p align="center"&gt;23&lt;span style="font-size:11.0pt;   font-family:&amp;quot;Calibri&amp;quot;,sans-serif"&gt;&lt;o:p&gt;&lt;/o:p&gt;&lt;/span&gt;&lt;/p&gt; &lt;/td&gt; &lt;td style="border-top:none;border-left:none;border-bottom:solid windowtext 1.0pt; border-right:solid windowtext 1.0pt;padding:0cm 5.4pt 0cm 5.4pt" valign="top"&gt; &lt;p&gt;Datum has been sourced from a nearby comparable station&lt;span style="font-size:11.0pt; font-family:&amp;quot;Calibri&amp;quot;,sans-serif"&gt;&lt;o:p&gt;&lt;/o:p&gt;&lt;/span&gt;&lt;/p&gt; &lt;/td&gt; &lt;/tr&gt; &lt;tr style="mso-yfti-irow:5"&gt; &lt;td style="border:solid windowtext 1.0pt;border-top:none; padding:0cm 5.4pt 0cm 5.4pt" valign="top"&gt; &lt;p align="center"&gt;25&lt;span style="font-size:11.0pt; font-family:&amp;quot;Calibri&amp;quot;,sans-serif"&gt;&lt;o:p&gt;&lt;/o:p&gt;&lt;/span&gt;&lt;/p&gt; &lt;/td&gt; &lt;td style="border-top:none;border-left:none;border-bottom:solid windowtext 1.0pt;  border-right:solid windowtext 1.0pt;padding:0cm 5.4pt 0cm 5.4pt" valign="top"&gt; &lt;p&gt;Interpolation &lt;span style="font-size:11.0pt;font-family:&amp;quot;Calibri&amp;quot;,sans-serif"&gt;&lt;o:p&gt;&lt;/o:p&gt; &lt;/span&gt;&lt;/p&gt; &lt;/td&gt; &lt;/tr&gt; &lt;tr style="mso-yfti-irow:6"&gt; &lt;td style="border:solid windowtext 1.0pt;border-top:none;  padding:0cm 5.4pt 0cm 5.4pt" valign="top"&gt; &lt;p align="center"&gt;26&lt;span style="font-size:11.0pt;   font-family:&amp;quot;Calibri&amp;quot;,sans-serif"&gt;&lt;o:p&gt;&lt;/o:p&gt;&lt;/span&gt;&lt;/p&gt; &lt;/td&gt; &lt;td style="border-top:none;border-left:none;border-bottom:solid windowtext 1.0pt; border-right:solid windowtext 1.0pt;padding:0cm 5.4pt 0cm 5.4pt" valign="top"&gt; &lt;p&gt;Synthetic pan evaporation&lt;span style="font-size:11.0pt;font-family:&amp;quot;Calibri&amp;quot;,sans-serif"&gt;&lt;o:p&gt;&lt;/o:p&gt;&lt;/span&gt;&lt;/p&gt; &lt;/td&gt; &lt;/tr&gt; &lt;tr style="mso-yfti-irow:7"&gt; &lt;td style="border:solid windowtext 1.0pt;border-top:none; padding:0cm 5.4pt 0cm 5.4pt" valign="top"&gt; &lt;p align="center"&gt;35&lt;span style="font-size:11.0pt; font-family:&amp;quot;Calibri&amp;quot;,sans-serif"&gt;&lt;o:p&gt;&lt;/o:p&gt;&lt;/span&gt;&lt;/p&gt; &lt;/td&gt; &lt;td style="border-top:none;border-left:none;border-bottom:solid windowtext 1.0pt;   border-right:solid windowtext 1.0pt;padding:0cm 5.4pt 0cm 5.4pt" valign="top"&gt; &lt;p&gt;Anomaly interpolation using the CLIMARC method&lt;span style="font-size:11.0pt; font-family:&amp;quot;Calibri&amp;quot;,sans-serif"&gt;&lt;o:p&gt;&lt;/o:p&gt;&lt;/span&gt;&lt;/p&gt; &lt;/td&gt; &lt;/tr&gt; &lt;tr style="mso-yfti-irow:8;mso-yfti-lastrow:yes"&gt; &lt;td style="border:solid windowtext 1.0pt;border-top:none; padding:0cm 5.4pt 0cm 5.4pt" valign="top"&gt; &lt;p align="center"&gt;75&lt;span style="font-size:11.0pt; font-family:&amp;quot;Calibri&amp;quot;,sans-serif"&gt;&lt;o:p&gt;&lt;/o:p&gt;&lt;/span&gt;&lt;/p&gt; &lt;/td&gt; &lt;td style="border-top:none;border-left:none;border-bottom:solid windowtext 1.0pt; border-right:solid windowtext 1.0pt;padding:0cm 5.4pt 0cm 5.4pt" valign="top"&gt; &lt;p&gt;Long term average&lt;span style="font-size:11.0pt;font-family:&amp;quot;Calibri&amp;quot;,sans-serif"&gt;&lt;o:p&gt;&lt;/o:p&gt;&lt;/span&gt;&lt;/p&gt; &lt;/td&gt; &lt;/tr&gt; &lt;/table&gt; &lt;/div&gt; &lt;p&gt;&amp;nbsp;&lt;/p&gt; &lt;/div&gt; &lt;/body&gt; &lt;/html&gt;</gco:CharacterString>
            </supplementalInformation>
        </MD_DataIdentification>
    </identificationInfo>
    <distributionInfo>
        <MD_Distribution>
            
            
            
            <distributor>
                <MD_Distributor id="distributorContact1">
                    <distributorContact>
                        <CI_ResponsibleParty>
                            <organisationName>
                                <gco:CharacterString>Department of Environment and Science</gco:CharacterString>
                            </organisationName>
                            <positionName>
                                <gco:CharacterString>opendata@des.qld.gov.au</gco:CharacterString>
                            </positionName>
                            <role>
                                <CI_RoleCode codeList="http://www.isotc211.org/2005/resources/Codelist/gmxCodelists.xml#CI_RoleCode" codeListValue="distributor">distributor</CI_RoleCode>
                            </role>
                        </CI_ResponsibleParty>
                    </distributorContact>
                    
                    <distributorFormat>
                        <MD_Format>
                            <name>
                                <gco:CharacterString>SILO Patched Point Data</gco:CharacterString>
                            </name>
                            <version gco:nilReason="inapplicable"/>
                        </MD_Format>
                    </distributorFormat>
                    <distributorTransferOptions>
                        <MD_DigitalTransferOptions>
                            
                            <onLine>
                                <CI_OnlineResource>
                                    <linkage>
                                        <URL>https://www.longpaddock.qld.gov.au/silo/</URL>
                                    </linkage>
                                </CI_OnlineResource>
                            </onLine>
                            
                        </MD_DigitalTransferOptions>
                    </distributorTransferOptions>
                </MD_Distributor>
            </distributor>
            <transferOptions>
                <MD_DigitalTransferOptions id="download">
                    <onLine>
                        <CI_OnlineResource>
                            <linkage>
                                <URL/>
                            </linkage>
                            <function>
                                <CI_OnLineFunctionCode codeList="http://www.isotc211.org/2005/resources/Codelist/gmxCodelists.xml#CI_OnLineFunctionCode" codeListValue="download">download</CI_OnLineFunctionCode>
                            </function>
                        </CI_OnlineResource>
                    </onLine>
                </MD_DigitalTransferOptions>
            </transferOptions>
        </MD_Distribution>
    </distributionInfo>
    <dataQualityInfo>
        <DQ_DataQuality>
            <scope>
                <DQ_Scope>
                    <level>
                        
                    </level>
                    
                </DQ_Scope>
            </scope>
            <report>
                <DQ_CompletenessOmission>
                    <result>
                        <DQ_ConformanceResult>
                            <specification gco:nilReason="missing"/>
                            <explanation>
                                <gco:CharacterString>&lt;!DOCTYPE html PUBLIC "-//W3C//DTD XHTML 1.0 Transitional//EN" "http://www.w3.org/TR/xhtml1/DTD/xhtml1-transitional.dtd"&gt; &lt;html xmlns="http://www.w3.org/1999/xhtml"&gt; &lt;head&gt; &lt;meta content="text/html; charset=utf-8" http-equiv="Content-Type" /&gt; &lt;title&gt;Untitled 1&lt;/title&gt; &lt;style type="text/css"&gt; a:link 	{color:blue; 	text-decoration:underline; 	text-underline:single; } &lt;/style&gt; &lt;/head&gt; &lt;body&gt; &lt;p&gt;&lt;span style="font-family:&amp;quot;Calibri&amp;quot;,sans-serif"&gt;SILO's patched datasets are constructed using observational data collected by the Bureau of Meteorology. Most of the data have been checked by the Bureau's &lt;/span&gt; &lt;span style="color:#1230AE"&gt; &lt;a href="http://www.bom.gov.au/climate/data-services/about-data-observations.shtml#tabs=Quality-control"&gt; &lt;span style="font-family:&amp;quot;Calibri&amp;quot;,sans-serif;color:#1230AE"&gt;quality  control (QC) process&lt;/span&gt;&lt;/a&gt;&lt;/span&gt;&lt;span style="font-family:&amp;quot;Calibri&amp;quot;,sans-serif"&gt;  and assigned a 'QC' flag. SILO's patching algorithm rejects data which have been id&lt;b style="mso-bidi-font-weight:normal"&gt;e&lt;/b&gt;ntified by the Bureau as being 'suspect', 'wrong' or 'inconsistent' ie. inconsistent with other known information. The patching algorithm also checks the accumulation period. Most of the daily data collected by the Bureau are recorded over a 24 hour period, typically up to 9am local time (sunshine hours is an exception, which is measured from midnight to midnight). Observations which have been accumulated over a period longer than&amp;nbsp;the standard 24 hour interval are flagged as an accumulation and in most cases cannot be used for patching purposes. Accumulated daily rainfall is used however; the total rainfall is partitioned onto individual days according to the distribution obtained either from a nearby comparable station, or the daily interpolations at that location. The 'de-accumulated' observation is flagged with the relevant source flag (see Table 1). Daily rainfall is currently the only variable which is 'de-accumulated'.&#13;
&#13;
The observational data within a given patched point dataset should, in general, match the observational data provided by the Bureau. Differences can arise for two primary reasons: &lt;ol&gt;&lt;li&gt; SILO may reject an observational datum if our own internal quality control processes identify the value as being suspect; and &lt;/li&gt;&lt;li&gt; SILO time-shifts all evaporation data by 24 hours. The evaporation data measured at 9am on day 'x' is shifted to day 'x-1'. SILO shifts the data to assist biophysical modellers, as most of the evaporation will have occurred throughout the daylight hours of the previous day. It should be noted that the Bureau shifts the maximum temperature recorded at 9am to the previous day for similar reasons; however in this case SILO uses the shifted value as provided by the Bureau.&lt;/li&gt;&lt;/ol&gt; &lt;o:p&gt;&lt;/o:p&gt;&lt;/span&gt;&lt;/p&gt; &lt;p&gt;&amp;nbsp;&lt;/p&gt; &lt;/body&gt; &lt;/html&gt;</gco:CharacterString>
                            </explanation>
                            <pass gco:nilReason="inapplicable"/>
                        </DQ_ConformanceResult>
                    </result>
                </DQ_CompletenessOmission>
            </report>
            
            
            
            
            
            
            
            <lineage>
                <LI_Lineage>
                    
                    <processStep>
                        <LI_ProcessStep>
                            <description>
                                <gco:CharacterString>The patched dataset for a given variable and station is constructed as follows:&#13;
&lt;ol&gt;&lt;li&gt; Initialise: the value for each day (1 Jan 1889 - present) is taken from the relevant daily long term average.&lt;/li&gt;&lt;li&gt; Overwrite the existing data (from the previous Step) with interpolated estimates, where such estimates are available. Interpolated estimates are extracted from daily gridded datasets created by spatially interpolating the available data for the given variable and date.&lt;/li&gt;&lt;li&gt;Overwrite the existing data with observational (non-accumulated) data from a nearby comparable station, if there is a suitable station available.&lt;/li&gt;&lt;li&gt; Overwrite the existing data with observational (non-accumulated) data from the given station.&lt;/li&gt;&lt;li&gt; Overwrite the existing data by partitioning any observed accumulations from the given station onto individual days. Note: this step is only performed for rainfall datasets.</gco:CharacterString>
                            </description>
                        </LI_ProcessStep>
                    </processStep>
                    <source>
                        <LI_Source>
                            <description>
                                <gco:CharacterString>The observed data are sourced from the Australian Bureau of Meteorology and updated daily.</gco:CharacterString>
                            </description>
                        </LI_Source>
                    </source>
                </LI_Lineage>
            </lineage>
        </DQ_DataQuality>
    </dataQualityInfo>
    <metadataConstraints>
        <MD_SecurityConstraints>
            <useLimitation>
                <gco:CharacterString>Public</gco:CharacterString>
            </useLimitation>
            <classification>
                <MD_ClassificationCode codeList="http://www.isotc211.org/2005/resources/Codelist/gmxCodelists.xml#MD_ClassificationCode" codeListValue="unclassified"/>
            </classification>
            <classificationSystem>
                <gco:CharacterString>Metadata Access Level</gco:CharacterString>
            </classificationSystem>
        </MD_SecurityConstraints>
    </metadataConstraints>
</MD_Metadata>