<?xml version="1.0" encoding="UTF-8" standalone="no"?><MD_Metadata xmlns="http://www.isotc211.org/2005/gmd" xmlns:gco="http://www.isotc211.org/2005/gco" xmlns:gmd="http://www.isotc211.org/2005/gmd" xmlns:gml="http://www.opengis.net/gml" xmlns:xlink="http://www.w3.org/1999/xlink" xmlns:xsi="http://www.w3.org/2001/XMLSchema-instance" xsi:schemaLocation="http://www.isotc211.org/2005/gmd http://www.isotc211.org/2005/gmd/gmd.xsd http://www.opengis.net/gml http://www.isotc211.org/2005/gml/gml.xsd http://www.w3.org/1999/xlink http://www.isotc211.org/2005/xlink/xlinks.xsd"> <fileIdentifier> <gco:CharacterString>{6CBF8D1A-ED65-4BDE-B43A-F18A94C3A8E1}</gco:CharacterString> </fileIdentifier> <language> <gco:CharacterString>eng</gco:CharacterString> </language> <characterSet> <MD_CharacterSetCode codeList="http://www.isotc211.org/2005/resources/Codelist/gmxCodelists.xml#MD_CharacterSetCode" codeListValue="utf8"/> </characterSet> <parentIdentifier> <gco:CharacterString>{0031FBD7-3BC5-44C4-AD77-97DF6AF87561}</gco:CharacterString> </parentIdentifier> <hierarchyLevel> <MD_ScopeCode codeList="http://www.isotc211.org/2005/resources/Codelist/gmxCodelists.xml#MD_ScopeCode" codeListValue="dataset">dataset</MD_ScopeCode> </hierarchyLevel> <contact> <CI_ResponsibleParty id="metadataContact"> <organisationName> <gco:CharacterString>Department of Environment and Science</gco:CharacterString> </organisationName> <positionName> <gco:CharacterString>Manager, Biodiversity Assessment</gco:CharacterString> </positionName> <contactInfo> <CI_Contact> <phone> <CI_Telephone> <voice> <gco:CharacterString>61 7 333 15911</gco:CharacterString> </voice> </CI_Telephone> </phone> <address> <CI_Address> <deliveryPoint> <gco:CharacterString>GPO Box 2454</gco:CharacterString> </deliveryPoint> <city> <gco:CharacterString>Brisbane</gco:CharacterString> </city> <administrativeArea> <gco:CharacterString>Queensland</gco:CharacterString> </administrativeArea> <postalCode> <gco:CharacterString>4001</gco:CharacterString> </postalCode> <country> <gco:CharacterString>Australia</gco:CharacterString> </country> <electronicMailAddress> <gco:CharacterString>aquabamm@des.qld.gov.au</gco:CharacterString> </electronicMailAddress> </CI_Address> </address> <onlineResource> <CI_OnlineResource> <linkage> <URL>http://www.ehp.qld.gov.au/</URL> </linkage> </CI_OnlineResource> </onlineResource> </CI_Contact> </contactInfo> <role> <CI_RoleCode codeList="http://www.isotc211.org/2005/resources/Codelist/gmxCodelists.xml#CI_RoleCode" codeListValue="pointOfContact">pointOfContact</CI_RoleCode> </role> </CI_ResponsibleParty> </contact> <dateStamp> <gco:Date>2011-11-09</gco:Date> </dateStamp> <metadataStandardName> <gco:CharacterString>ISO 19115:2005, ANZLIC ISO 1.1</gco:CharacterString> </metadataStandardName> <metadataStandardVersion> <gco:CharacterString>QGIS</gco:CharacterString> </metadataStandardVersion> <referenceSystemInfo> <MD_ReferenceSystem id="coordRefSystem"> <referenceSystemIdentifier> <RS_Identifier> <authority> <CI_Citation> <title> <gco:CharacterString>EPSG Geodetic Parameter Dataset</gco:CharacterString> </title> <date> <CI_Date> <date> <gco:Date>2007-07-16</gco:Date> </date> <dateType> <CI_DateTypeCode codeList="http://www.isotc211.org/2005/resources/Codelist/gmxCodelists.xml#CI_DateTypeCode" codeListValue="revision">revision </CI_DateTypeCode> </dateType> </CI_Date> </date> <edition> <gco:CharacterString>Version 6.13</gco:CharacterString> </edition> </CI_Citation> </authority> <code> <gco:CharacterString>EPSG:4938</gco:CharacterString> </code> </RS_Identifier> </referenceSystemIdentifier> </MD_ReferenceSystem> </referenceSystemInfo> <identificationInfo> <MD_DataIdentification> <citation> <CI_Citation> <title> <gco:CharacterString>Aquatic conservation assessment - Wide Bay - Burnett catchments - non-riverine</gco:CharacterString> </title> <alternateTitle> <gco:CharacterString>DP_ACA_NR_Wide_Bay_DCDB_A.zip</gco:CharacterString> </alternateTitle> <date> <CI_Date> <date> <gco:Date>2011-10-04</gco:Date> </date> <dateType> <CI_DateTypeCode codeList="http://www.isotc211.org/2005/resources/Codelist/gmxCodelists.xml#CI_DateTypeCode" codeListValue="publication"/> </dateType> </CI_Date> </date> <citedResponsibleParty> <CI_ResponsibleParty id="resourceCustodian"> <organisationName> <gco:CharacterString>Department of Environment and Science</gco:CharacterString> </organisationName> <positionName> <gco:CharacterString>Executive Director, Ecosystem Outcomes</gco:CharacterString> </positionName> <contactInfo> <CI_Contact> <onlineResource> <CI_OnlineResource> <linkage> <URL>http://wetlandinfo.ehp.qld.gov.au/wetlands/assessment/assessment-methods/aca/</URL> </linkage> </CI_OnlineResource> </onlineResource> </CI_Contact> </contactInfo> <role> <CI_RoleCode codeList="http://www.isotc211.org/2005/resources/Codelist/gmxCodelists.xml#CI_RoleCode" codeListValue="custodian">custodian</CI_RoleCode> </role> </CI_ResponsibleParty> </citedResponsibleParty> <citedResponsibleParty> <CI_ResponsibleParty id="resourceOwner"> <organisationName> <gco:CharacterString>Department of Environment and Science</gco:CharacterString> </organisationName> <positionName> <gco:CharacterString>Executive Director, Ecosystem Outcomes</gco:CharacterString> </positionName> <role> <CI_RoleCode codeList="http://www.isotc211.org/2005/resources/Codelist/gmxCodelists.xml#CI_RoleCode" codeListValue="owner">owner</CI_RoleCode> </role> </CI_ResponsibleParty> </citedResponsibleParty> <presentationForm> <CI_PresentationFormCode codeList="http://www.isotc211.org/2005/resources/Codelist/gmxCodelists.xml#CI_PresentationFormCode" codeListValue="mapDigital">mapDigital</CI_PresentationFormCode> </presentationForm> </CI_Citation> </citation> <abstract> <gco:CharacterString>Assessment of the Aquatic Conservation Values (ACA) for non-riverine (lacustrine and palustrine) wetlands of the Wide Bay – Burnett Catchments using the Aquatic Biodiversity Assessment and Mapping Methodology (AquaBAMM).</gco:CharacterString> </abstract> <purpose> <gco:CharacterString>The Aquatic Biodiversity Assessment and Mapping Method (AquaBAMM) is a comprehensive methodology developed by the Department of Environment and Science (DEHP) for assessing the conservation values of wetlands in Queensland. The method identifies relative wetland conservation values within a specified study area (usually a catchment). The method uses available data including data resulting from expert opinion to produce an Aquatic Conservation Assessment (ACA) for the wetlands within a study area. The results provide a powerful decision support tool that is easily updated and able to be comprehensively interrogated through a Geographic Information System (GIS) platform.</gco:CharacterString> </purpose> <status> <MD_ProgressCode codeList="http://www.isotc211.org/2005/resources/Codelist/gmxCodelists.xml#MD_ProgressCode" codeListValue="completed">completed</MD_ProgressCode> </status> <pointOfContact> <CI_ResponsibleParty> <organisationName> <gco:CharacterString>Department of Environment and Science</gco:CharacterString> </organisationName> <positionName> <gco:CharacterString>Manager, Biodiversity Assessment</gco:CharacterString> </positionName> <contactInfo> <CI_Contact> <phone> <CI_Telephone> <voice> <gco:CharacterString>61 7 333 15911</gco:CharacterString> </voice> </CI_Telephone> </phone> <address> <CI_Address> <deliveryPoint> <gco:CharacterString>GPO Box 2454</gco:CharacterString> </deliveryPoint> <city> <gco:CharacterString>Brisbane</gco:CharacterString> </city> <administrativeArea> <gco:CharacterString>Queensland</gco:CharacterString> </administrativeArea> <postalCode> <gco:CharacterString>4001</gco:CharacterString> </postalCode> <country> <gco:CharacterString>Australia</gco:CharacterString> </country> <electronicMailAddress> <gco:CharacterString>aquabamm@des.qld.gov.au</gco:CharacterString> </electronicMailAddress> </CI_Address> </address> <onlineResource> <CI_OnlineResource> <linkage> <URL>http://www.ehp.qld.gov.au/</URL> </linkage> </CI_OnlineResource> </onlineResource> </CI_Contact> </contactInfo> <role> <CI_RoleCode codeList="http://www.isotc211.org/2005/resources/Codelist/gmxCodelists.xml#CI_RoleCode" codeListValue="pointOfContact"/> </role> </CI_ResponsibleParty> </pointOfContact> <resourceMaintenance> <MD_MaintenanceInformation> <maintenanceAndUpdateFrequency> <MD_MaintenanceFrequencyCode codeList="http://www.isotc211.org/2005/resources/Codelist/gmxCodelists.xml#MD_MaintenanceFrequencyCode" codeListValue="asNeeded"/> </maintenanceAndUpdateFrequency> </MD_MaintenanceInformation> </resourceMaintenance> <resourceFormat> <MD_Format> <name> <gco:CharacterString>Spatial Data Format</gco:CharacterString> </name> <version> <gco:CharacterString>1</gco:CharacterString> </version> </MD_Format> </resourceFormat> <descriptiveKeywords> <MD_Keywords id="ThemeAnzlicThesaurus"> <keyword> <gco:CharacterString>ECOLOGY</gco:CharacterString> </keyword> <type> <MD_KeywordTypeCode codeList="http://www.isotc211.org/2005/resources/Codelist/gmxCodelists.xml#MD_KeywordTypeCode" codeListValue="theme">theme</MD_KeywordTypeCode> </type> <thesaurusName> <CI_Citation> <title> <gco:CharacterString>ANZLIC Search Words</gco:CharacterString> </title> <date> <CI_Date> <date gco:nilReason="unknown"/> <dateType> <CI_DateTypeCode codeList="http://www.isotc211.org/2005/resources/Codelist/gmxCodelists.xml#CI_DateTypeCode" codeListValue="publication">publication</CI_DateTypeCode> </dateType> </CI_Date> </date> </CI_Citation> </thesaurusName> </MD_Keywords> </descriptiveKeywords> <descriptiveKeywords> <MD_Keywords id="ThemeOpenDataThesaurus"> <keyword> <gco:CharacterString>Environment</gco:CharacterString> </keyword> <type> <MD_KeywordTypeCode codeList="http://www.isotc211.org/2005/resources/Codelist/gmxCodelists.xml#MD_KeywordTypeCode" codeListValue="theme">theme</MD_KeywordTypeCode> </type> <thesaurusName> <CI_Citation> <title> <gco:CharacterString>Queensland Open Data Categories</gco:CharacterString> </title> <date> <CI_Date> <date gco:nilReason="unknown"/> <dateType> <CI_DateTypeCode codeList="http://www.isotc211.org/2005/resources/Codelist/gmxCodelists.xml#CI_DateTypeCode" codeListValue="publication">publication</CI_DateTypeCode> </dateType> </CI_Date> </date> </CI_Citation> </thesaurusName> </MD_Keywords> </descriptiveKeywords> <resourceConstraints> <MD_SecurityConstraints> <useLimitation> <gco:CharacterString>The conditions of use are detailed in the data usage agreement, signed between the Custodian and the Recipient. No third party usage is permitted other than indicated in the agreement.</gco:CharacterString> </useLimitation> <classification> <MD_ClassificationCode codeList="http://www.isotc211.org/2005/resources/Codelist/gmxCodelists.xml#MD_ClassificationCode" codeListValue="unclassified">unclassified</MD_ClassificationCode> </classification> <classificationSystem> <gco:CharacterString>Resource Access Level</gco:CharacterString> </classificationSystem> </MD_SecurityConstraints> </resourceConstraints> <resourceConstraints> <MD_LegalConstraints> <useLimitation> <gco:CharacterString>&amp;copy State of Queensland (Department of Environment and Science) 2020</gco:CharacterString> </useLimitation> <useConstraints> <MD_RestrictionCode codeList="http://www.isotc211.org/2005/resources/Codelist/gmxCodelists.xml#MD_RestrictionCode" codeListValue="copyright">copyright</MD_RestrictionCode> </useConstraints> </MD_LegalConstraints> </resourceConstraints> <resourceConstraints> <MD_LegalConstraints> <useLimitation> <gco:CharacterString>This material is licensed under a &lt;a rel="license" href="http://creativecommons.org/licenses/by/3.0/au/"&gt;Creative Commons - Attribution 3.0 Australia&lt;/a&gt; licence.&lt;br /&gt; &lt;a rel="license" href="http://creativecommons.org/licenses/by/3.0/au/"&gt;&lt;img alt="Creative Commons License" title="Creative Commons - Attribution 3.0 Australia License" style="border: 0;" src="http://i.creativecommons.org/l/by/3.0/au/88x31.png" /&gt;&lt;/a&gt;&lt;br /&gt; The Department of Environment and Science requests attribution in the following manner:&lt;br /&gt; &amp;copy; State of Queensland (Department of Environment and Science) 2020. Updated data available at http://qldspatial.information.qld.gov.au/catalogue//.</gco:CharacterString> </useLimitation> <useConstraints> <MD_RestrictionCode codeList="http://www.isotc211.org/2005/resources/Codelist/gmxCodelists.xml#MD_RestrictionCode" codeListValue="license">license</MD_RestrictionCode> </useConstraints> </MD_LegalConstraints> </resourceConstraints> <spatialRepresentationType> <MD_SpatialRepresentationTypeCode codeList="http://www.isotc211.org/2005/resources/Codelist/gmxCodelists.xml#MD_SpatialRepresentationTypeCode" codeListValue="textTable">textTable</MD_SpatialRepresentationTypeCode> </spatialRepresentationType> <language> <gco:CharacterString>eng</gco:CharacterString> </language> <characterSet gco:nilReason="unknown"/> <topicCategory> <MD_TopicCategoryCode>biota</MD_TopicCategoryCode> </topicCategory> <environmentDescription> <gco:CharacterString>Directory</gco:CharacterString> </environmentDescription> <extent> <EX_Extent> <geographicElement> <EX_GeographicBoundingBox> <westBoundLongitude> <gco:Decimal>150.304</gco:Decimal> </westBoundLongitude> <eastBoundLongitude> <gco:Decimal>153.359</gco:Decimal> </eastBoundLongitude> <southBoundLatitude> <gco:Decimal>-26.948</gco:Decimal> </southBoundLatitude> <northBoundLatitude> <gco:Decimal>-24.392</gco:Decimal> </northBoundLatitude> </EX_GeographicBoundingBox> </geographicElement> <temporalElement> <EX_TemporalExtent> <extent> <gml:TimePeriod frame="#ISO-8601" gml:id="timePeriod1"> <gml:beginPosition>2010-11-12</gml:beginPosition> <gml:endPosition>2010-11-12</gml:endPosition> </gml:TimePeriod> </extent> </EX_TemporalExtent> </temporalElement> </EX_Extent> </extent> </MD_DataIdentification> </identificationInfo> <distributionInfo> <MD_Distribution> <distributionFormat> <MD_Format id="DownloadService"> <name> <gco:CharacterString>Queensland Spatial Catalogue</gco:CharacterString> </name> <version gco:nilReason="inapplicable"/> <specification> <gco:CharacterString>Download Service</gco:CharacterString> </specification> <formatDistributor> <MD_Distributor> <distributorContact> <CI_ResponsibleParty> <organisationName> <gco:CharacterString>Department of Environment and Science</gco:CharacterString> </organisationName> <role> <CI_RoleCode codeList="http://www.isotc211.org/2005/resources/Codelist/gmxCodelists.xml#CI_RoleCode" codeListValue="resourceProvider">resourceProvider</CI_RoleCode> </role> </CI_ResponsibleParty> </distributorContact> <distributionOrderProcess> <MD_StandardOrderProcess> <fees> <gco:CharacterString>35066</gco:CharacterString> </fees> <orderingInstructions> <gco:CharacterString>This data is available From Queensland Spatial Catalogue web site. Large orders over the download limit are burnt to DVD and posted. An additional fee applies for postage and handling.</gco:CharacterString> </orderingInstructions> </MD_StandardOrderProcess> </distributionOrderProcess> <distributorTransferOptions> <MD_DigitalTransferOptions> <onLine> <CI_OnlineResource id="dns1"> <linkage> <URL>http://qldspatial.information.qld.gov.au/catalogue/</URL> </linkage> </CI_OnlineResource> </onLine> </MD_DigitalTransferOptions> </distributorTransferOptions> </MD_Distributor> </formatDistributor> </MD_Format> </distributionFormat> <distributionFormat> <MD_Format id="GptBehaviour"> <name> <gco:CharacterString>downloadableData</gco:CharacterString> </name> <version> <gco:CharacterString>10.0</gco:CharacterString> </version> <specification> <gco:CharacterString>ESRI ArcGIS Server Geoportal Extension Content Type</gco:CharacterString> </specification> </MD_Format> </distributionFormat> <distributor> <MD_Distributor id="distributorContact1"> <distributorContact> <CI_ResponsibleParty> <organisationName> <gco:CharacterString>Department of Environment and Science</gco:CharacterString> </organisationName> <positionName> <gco:CharacterString>opendata@des.qld.gov.au</gco:CharacterString> </positionName> <role> <CI_RoleCode codeList="http://www.isotc211.org/2005/resources/Codelist/gmxCodelists.xml#CI_RoleCode" codeListValue="distributor">distributor</CI_RoleCode> </role> </CI_ResponsibleParty> </distributorContact> <distributorFormat> <MD_Format> <name> <gco:CharacterString>From the Queensland Spatial Catalogue available as ESRI Shape file SHP, MapInfo Tab file TAB, ESRI file geodatabase FGDB, Google file KMZ, and Geopackage version 1.0, 1.1, or 1.2 file GPKG</gco:CharacterString> </name> <version gco:nilReason="inapplicable"/> </MD_Format> </distributorFormat> <distributorTransferOptions> <MD_DigitalTransferOptions> <transferSize> <gco:Real>14</gco:Real> </transferSize> <onLine> <CI_OnlineResource> <linkage> <URL>http://qldspatial.information.qld.gov.au/catalogue/custom/search.page?q=%22Aquatic conservation assessment - Wide Bay - Burnett catchments - non-riverine%22</URL> </linkage> </CI_OnlineResource> </onLine> </MD_DigitalTransferOptions> </distributorTransferOptions> </MD_Distributor> </distributor> <transferOptions> <MD_DigitalTransferOptions id="download"> <onLine> <CI_OnlineResource> <linkage> <URL/> </linkage> <function> <CI_OnLineFunctionCode codeList="http://www.isotc211.org/2005/resources/Codelist/gmxCodelists.xml#CI_OnLineFunctionCode" codeListValue="download">download</CI_OnLineFunctionCode> </function> </CI_OnlineResource> </onLine> </MD_DigitalTransferOptions> </transferOptions> </MD_Distribution> </distributionInfo> <dataQualityInfo> <DQ_DataQuality> <scope> <DQ_Scope> <level> <MD_ScopeCode codeList="http://www.isotc211.org/2005/resources/Codelist/gmxCodelists.xml#MD_ScopeCode" codeListValue="dataset">dataset</MD_ScopeCode> </level> </DQ_Scope> </scope> <report> <DQ_CompletenessOmission> <result> <DQ_ConformanceResult> <specification gco:nilReason="missing"/> <explanation> <gco:CharacterString>This dataset is complete.</gco:CharacterString> </explanation> <pass gco:nilReason="inapplicable"/> </DQ_ConformanceResult> </result> </DQ_CompletenessOmission> </report> <report> <DQ_ConceptualConsistency> <result> <DQ_ConformanceResult> <specification gco:nilReason="missing"/> <explanation> <gco:CharacterString>Polygons visually checked at 1:100,000 scale and by topological consistency checks.</gco:CharacterString> </explanation> <pass gco:nilReason="inapplicable"/> </DQ_ConformanceResult> </result> </DQ_ConceptualConsistency> </report> <report> <DQ_AbsoluteExternalPositionalAccuracy> <result> <DQ_ConformanceResult> <specification gco:nilReason="missing"/> <explanation> <gco:CharacterString>The positional accuracy of wetland data mapped at a scale of 1:100 000 is /-100 metres with a minimum polygon size of 5 ha or 75 metres wide for linear features, except for areas along the eastcoast which are mapped at the 1:50 000 scale with a positional accuracy of /-50 metres, with a minimum polygon size of 1 ha or 35 metres wide for linear features. Wetlands smaller than 1 ha are notdelineated on the wetland data. NB: Consideration of the effects of mapped scale is necessary when interpreting data at a larger scale, (eg: 1:25,000). For property assessment, digital linework should be used as a guide only. Queensland Wetlands Springs Data was compiled from version 5.0 of the survey of Springs of Queensland (Fensham &amp; Fairfax 2008). The point locations were recorded in decimal degrees to threedecimal places as this best reflects the positioning accuracy of the GPS technology employed during the survey.</gco:CharacterString> </explanation> <pass gco:nilReason="inapplicable"/> </DQ_ConformanceResult> </result> </DQ_AbsoluteExternalPositionalAccuracy> </report> <report> <DQ_NonQuantitativeAttributeAccuracy> <result> <DQ_ConformanceResult> <specification gco:nilReason="missing"/> <explanation> <gco:CharacterString>Formal assessments show the AquaBAMM attributes to be accurate &gt; 98% of the time.</gco:CharacterString> </explanation> <pass gco:nilReason="inapplicable"/> </DQ_ConformanceResult> </result> </DQ_NonQuantitativeAttributeAccuracy> </report> <lineage> <LI_Lineage> <statement> <gco:CharacterString>Refer to “Wide Bay Burnett Non-Riverine Aquatic Conservation Assessment Version 1.1”, compiled by Hewavisenthi, C., Kishore H, Millington, H., (2010) GIS Technical Documentation, Department of Environment and Resource Management</gco:CharacterString> </statement> </LI_Lineage> </lineage> </DQ_DataQuality> </dataQualityInfo> <metadataConstraints> <MD_SecurityConstraints> <useLimitation> <gco:CharacterString>Public</gco:CharacterString> </useLimitation> <classification> <MD_ClassificationCode codeList="http://www.isotc211.org/2005/resources/Codelist/gmxCodelists.xml#MD_ClassificationCode" codeListValue="unclassified"/> </classification> <classificationSystem> <gco:CharacterString>Metadata Access Level</gco:CharacterString> </classificationSystem> </MD_SecurityConstraints> </metadataConstraints></MD_Metadata>