<?xml version="1.0" encoding="UTF-8" standalone="no"?>
<MD_Metadata xmlns="http://www.isotc211.org/2005/gmd" xmlns:gco="http://www.isotc211.org/2005/gco" xmlns:gmd="http://www.isotc211.org/2005/gmd" xmlns:gml="http://www.opengis.net/gml" xmlns:xlink="http://www.w3.org/1999/xlink" xmlns:xsi="http://www.w3.org/2001/XMLSchema-instance" xsi:schemaLocation="http://www.isotc211.org/2005/gmd http://www.isotc211.org/2005/gmd/gmd.xsd      http://www.opengis.net/gml http://www.isotc211.org/2005/gml/gml.xsd      http://www.w3.org/1999/xlink http://www.isotc211.org/2005/xlink/xlinks.xsd">
    <fileIdentifier>
        <gco:CharacterString>{6740DB90-D0AA-41FA-8DF6-60FE48704A95}</gco:CharacterString>
    </fileIdentifier>
    <language>
        <gco:CharacterString>eng</gco:CharacterString>
    </language>
    <characterSet>
        <MD_CharacterSetCode codeList="http://www.isotc211.org/2005/resources/Codelist/gmxCodelists.xml#MD_CharacterSetCode" codeListValue="utf8"/>
    </characterSet>
    <parentIdentifier>
        <gco:CharacterString>x</gco:CharacterString>
    </parentIdentifier>
    <hierarchyLevel>
        <MD_ScopeCode codeList="http://www.isotc211.org/2005/resources/Codelist/gmxCodelists.xml#MD_ScopeCode" codeListValue="dataset">dataset</MD_ScopeCode>
    </hierarchyLevel>
    
    <contact>
        <CI_ResponsibleParty id="metadataContact">
            <organisationName>
                <gco:CharacterString>Department of Environment and Science</gco:CharacterString>
            </organisationName>
            <positionName>
                <gco:CharacterString>Project Officer</gco:CharacterString>
            </positionName>
            <contactInfo>
                <CI_Contact>
                    <phone>
                        <CI_Telephone>
                            <voice>
                                <gco:CharacterString>+61731705836</gco:CharacterString>
                            </voice>
                        </CI_Telephone>
                    </phone>
                    <address>
                        <CI_Address>
                            
                            <city>
                                <gco:CharacterString>Dutton Park</gco:CharacterString>
                            </city>
                            <administrativeArea>
                                <gco:CharacterString>QLD</gco:CharacterString>
                            </administrativeArea>
                            <postalCode>
                                <gco:CharacterString>4102</gco:CharacterString>
                            </postalCode>
                            
                            <electronicMailAddress>
                                <gco:CharacterString>Encompass@dsiti.qld.gov.au</gco:CharacterString>
                            </electronicMailAddress>
                        </CI_Address>
                    </address>
                    
                </CI_Contact>
            </contactInfo>
            <role>
                <CI_RoleCode codeList="http://www.isotc211.org/2005/resources/Codelist/gmxCodelists.xml#CI_RoleCode" codeListValue="pointOfContact">pointOfContact</CI_RoleCode>
            </role>
        </CI_ResponsibleParty>
    </contact>
    <dateStamp>
        <gco:Date>2019-06-17</gco:Date>
    </dateStamp>
    <metadataStandardName>
        <gco:CharacterString>ISO 19115:2005, ANZLIC ISO 1.1</gco:CharacterString>
    </metadataStandardName>
    <metadataStandardVersion>
        <gco:CharacterString>QGIS</gco:CharacterString>
    </metadataStandardVersion>
    <referenceSystemInfo>
        <MD_ReferenceSystem id="coordRefSystem">
            <referenceSystemIdentifier>
                <RS_Identifier>
                    <authority>
                        <CI_Citation>
                            <title>
                                <gco:CharacterString>EPSG Geodetic Parameter
                                Dataset</gco:CharacterString>
                            </title>
                            <date>
                                <CI_Date>
                                    <date>
                                        <gco:Date>2007-07-16</gco:Date>
                                    </date>
                                    <dateType>
                                        <CI_DateTypeCode codeList="http://www.isotc211.org/2005/resources/Codelist/gmxCodelists.xml#CI_DateTypeCode" codeListValue="revision">revision </CI_DateTypeCode>
                                    </dateType>
                                </CI_Date>
                            </date>
                            <edition>
                                <gco:CharacterString>Version 6.13</gco:CharacterString>
                            </edition>
                        </CI_Citation>
                    </authority>
                    <code>
                        <gco:CharacterString>EPSG:28356</gco:CharacterString>
                    </code>
                </RS_Identifier>
            </referenceSystemIdentifier>
        </MD_ReferenceSystem>
    </referenceSystemInfo>
    
    
    
    <identificationInfo>
        <MD_DataIdentification>
            <citation>
                <CI_Citation>
                    <title>
                        <gco:CharacterString>Tsunami modelling along the east Queensland coast - Moreton Bay</gco:CharacterString>
                    </title>
                    <alternateTitle>
                        <gco:CharacterString>DP_MORETON_BAY_TSUNAMI_MODELLING.zip</gco:CharacterString>
                    </alternateTitle>
                    <date>
                        <CI_Date>
                            <date>
                                <gco:Date>2014-07-07</gco:Date>
                            </date>
                            <dateType>
                                <CI_DateTypeCode codeList="http://www.isotc211.org/2005/resources/Codelist/gmxCodelists.xml#CI_DateTypeCode" codeListValue="publication"/>
                            </dateType>
                        </CI_Date>
                    </date>
                    
                    
                    
                    <citedResponsibleParty>
                        <CI_ResponsibleParty id="resourceCustodian">
                            <organisationName>
                                <gco:CharacterString>Department of Environment and Science</gco:CharacterString>
                            </organisationName>
                            <positionName>
                                <gco:CharacterString>Executive Director, Science Delivery &amp; Knowledge</gco:CharacterString>
                            </positionName>
                            <contactInfo>
                                <CI_Contact>
                                    <onlineResource>
                                        <CI_OnlineResource>
                                            <linkage>
                                                <URL>https://publications.qld.gov.au/dataset/tsunami-modelling-east-queensland-coast/resource/649c8107-fd0c-410f-9a79-ff8a8c44dca1</URL>
                                            </linkage>
                                        </CI_OnlineResource>
                                    </onlineResource>                            
                                </CI_Contact>
                            </contactInfo>
                            <role>
                                <CI_RoleCode codeList="http://www.isotc211.org/2005/resources/Codelist/gmxCodelists.xml#CI_RoleCode" codeListValue="custodian">custodian</CI_RoleCode>
                            </role>
                        </CI_ResponsibleParty>
                    </citedResponsibleParty>
                    <citedResponsibleParty>
                        <CI_ResponsibleParty id="resourceOwner">
                            <organisationName>
                                <gco:CharacterString>Department of Environment and Science</gco:CharacterString>
                            </organisationName>
                            <positionName>
                                <gco:CharacterString>Science Leader / Chief Engineer, Coastal Impacts</gco:CharacterString>
                            </positionName>
                            <role>
                                <CI_RoleCode codeList="http://www.isotc211.org/2005/resources/Codelist/gmxCodelists.xml#CI_RoleCode" codeListValue="owner">owner</CI_RoleCode>
                            </role>
                        </CI_ResponsibleParty>
                    </citedResponsibleParty>
                    <citedResponsibleParty>
                        <CI_ResponsibleParty id="otherCitContact1">
                            <organisationName>
                                <gco:CharacterString>Department of Natural Resources and Mines</gco:CharacterString>
                            </organisationName>
                            <positionName>
                                <gco:CharacterString>QSpatial Support</gco:CharacterString>
                            </positionName>
							<contactInfo>
								<CI_Contact>
									<phone>
										<CI_Telephone>
											<voice>
												<gco:CharacterString>(07) 3330 4442</gco:CharacterString>
											</voice>
										</CI_Telephone>
									</phone>
									<address>
										<CI_Address>
											<deliveryPoint>
												<gco:CharacterString/>
											</deliveryPoint>
											<city>
												<gco:CharacterString/>
											</city>
											<administrativeArea>
												<gco:CharacterString/>
											</administrativeArea>
											<postalCode>
												<gco:CharacterString/>
											</postalCode>
											<country>
												<gco:CharacterString/>
											</country>
											<electronicMailAddress>
												<gco:CharacterString>Discovery@dnrm.qld.gov.au</gco:CharacterString>
											</electronicMailAddress>
										</CI_Address>
									</address>
									<onlineResource>
										<CI_OnlineResource>
											<linkage>
												<URL/>
											</linkage>
										</CI_OnlineResource>
									</onlineResource>
								</CI_Contact>
							</contactInfo>
                            <role>
                                <CI_RoleCode codeList="http://www.isotc211.org/2005/resources/Codelist/gmxCodelists.xml#CI_RoleCode" codeListValue="resourceProvider">resourceProvider</CI_RoleCode>
                            </role>
                        </CI_ResponsibleParty>
                    </citedResponsibleParty>
                    
                    
                    <presentationForm>
                        <CI_PresentationFormCode codeList="http://www.isotc211.org/2005/resources/Codelist/gmxCodelists.xml#CI_PresentationFormCode" codeListValue="mapDigital">mapDigital</CI_PresentationFormCode>
                    </presentationForm>
                    
                </CI_Citation>
            </citation>


            <abstract>
                <gco:CharacterString>Water level rasters (m AHD), depth rasters (m), current speed (m/s), direction (degrees) and flood extent polygons for the Queensland coast have been translated from there associated water level raster (averaged to 0.01cm). This dataset is approximately 2.5 GB in size.</gco:CharacterString>
            </abstract>
            <purpose>
                <gco:CharacterString>The purpose of this study was to perform an indicative hazard assessment from tsunami inundation from a number of different source zones and return periods.</gco:CharacterString>
            </purpose>
            <status>
                <MD_ProgressCode codeList="http://www.isotc211.org/2005/resources/Codelist/gmxCodelists.xml#MD_ProgressCode" codeListValue="completed">completed</MD_ProgressCode>
            </status>
            <pointOfContact>
                <CI_ResponsibleParty>
                    <organisationName>
                        <gco:CharacterString>Department of Environment and Science</gco:CharacterString>
                    </organisationName>
                    <positionName>
                        <gco:CharacterString>Coastal Impacts Unit</gco:CharacterString>
                    </positionName>
                    <contactInfo>
                        <CI_Contact>
                            <phone>
                                <CI_Telephone>
                                    <voice>
                                        <gco:CharacterString>+61738699500</gco:CharacterString>
                                    </voice>
                                </CI_Telephone>
                            </phone>
                            <address>
                                <CI_Address>
                                    
                                    
                                    
                                    
                                    
                                    <electronicMailAddress>
                                        <gco:CharacterString>coastal.sciences@des.qld.gov.au</gco:CharacterString>
                                    </electronicMailAddress>
                                </CI_Address>
                            </address>
                                                        
                        </CI_Contact>
                    </contactInfo>
                    <role>
                        <CI_RoleCode codeList="http://www.isotc211.org/2005/resources/Codelist/gmxCodelists.xml#CI_RoleCode" codeListValue="pointOfContact"/>
                    </role>
                </CI_ResponsibleParty>
            </pointOfContact>
            <resourceMaintenance>
                <MD_MaintenanceInformation>
                    <maintenanceAndUpdateFrequency>
                        <MD_MaintenanceFrequencyCode codeList="http://www.isotc211.org/2005/resources/Codelist/gmxCodelists.xml#MD_MaintenanceFrequencyCode" codeListValue="notPlanned"/>
                    </maintenanceAndUpdateFrequency>
                    
                </MD_MaintenanceInformation>
            </resourceMaintenance>
            
            <resourceFormat>
                <MD_Format>
                    <name>
                        <gco:CharacterString>Spatial Data Format</gco:CharacterString>
                    </name>
                    <version>
                        <gco:CharacterString>1</gco:CharacterString>
                    </version>
                </MD_Format>
            </resourceFormat>
            <descriptiveKeywords>
                <MD_Keywords id="ThemeAnzlicThesaurus">
                    <keyword>
                        <gco:CharacterString>HAZARDS-Tsunamis</gco:CharacterString>
                    </keyword>
                    <type>
                        <MD_KeywordTypeCode codeList="http://www.isotc211.org/2005/resources/Codelist/gmxCodelists.xml#MD_KeywordTypeCode" codeListValue="theme">theme</MD_KeywordTypeCode>
                    </type>
                    <thesaurusName>
                        <CI_Citation>
                            <title>
                                <gco:CharacterString>ANZLIC Search Words</gco:CharacterString>
                            </title>
                            <date>
                                <CI_Date>
                                    <date gco:nilReason="unknown"/>
                                    <dateType>
                                        <CI_DateTypeCode codeList="http://www.isotc211.org/2005/resources/Codelist/gmxCodelists.xml#CI_DateTypeCode" codeListValue="publication">publication</CI_DateTypeCode>
                                    </dateType>
                                </CI_Date>
                            </date>
                        </CI_Citation>
                    </thesaurusName>
                </MD_Keywords>
            </descriptiveKeywords>
            
            <descriptiveKeywords>
                <MD_Keywords id="ThemeOtherThesaurus">
                    <keyword>
                        <gco:CharacterString>Tsunami Modelling</gco:CharacterString>
                    </keyword>
<keyword>
                        <gco:CharacterString>Tsunami</gco:CharacterString>
                    </keyword>
                    <type>
                        <MD_KeywordTypeCode codeList="http://www.isotc211.org/2005/resources/Codelist/gmxCodelists.xml#MD_KeywordTypeCode" codeListValue="theme">theme</MD_KeywordTypeCode>
                    </type>
                    <thesaurusName>
                        <CI_Citation>
                            <title>
                                <gco:CharacterString>Common name</gco:CharacterString>
                            </title>
                            <date>
                                <CI_Date>
                                    <date gco:nilReason="unknown"/>
                                    <dateType>
                                        <CI_DateTypeCode codeList="http://www.isotc211.org/2005/resources/Codelist/gmxCodelists.xml#CI_DateTypeCode" codeListValue="publication">publication</CI_DateTypeCode>
                                    </dateType>
                                </CI_Date>
                            </date>
                            <otherCitationDetails>
                                <gco:CharacterString>Theme keywords input by metadata
                                publisher</gco:CharacterString>
                            </otherCitationDetails>
                        </CI_Citation>
                    </thesaurusName>
                </MD_Keywords>
            </descriptiveKeywords>
            
            <resourceConstraints>
                <MD_SecurityConstraints>
                    <useLimitation>
                        <gco:CharacterString>PUBLIC</gco:CharacterString>
                    </useLimitation>
                    <classification>
                        <MD_ClassificationCode codeList="http://www.isotc211.org/2005/resources/Codelist/gmxCodelists.xml#MD_ClassificationCode" codeListValue="unclassified">unclassified</MD_ClassificationCode>
                    </classification>
                    <classificationSystem>
                        <gco:CharacterString>Resource Access Level</gco:CharacterString>
                    </classificationSystem>
                </MD_SecurityConstraints>
            </resourceConstraints>
            <resourceConstraints>
                <MD_LegalConstraints>
                    <useLimitation>
                        <gco:CharacterString>&amp;copy State of Queensland (Department of Environment and Science) 2020</gco:CharacterString>
                    </useLimitation>
                    <useConstraints>
                        <MD_RestrictionCode codeList="http://www.isotc211.org/2005/resources/Codelist/gmxCodelists.xml#MD_RestrictionCode" codeListValue="copyright">copyright</MD_RestrictionCode>
                    </useConstraints>
                </MD_LegalConstraints>
            </resourceConstraints>
            <resourceConstraints>
                <MD_LegalConstraints>
                    <useLimitation>
                        <gco:CharacterString>This material is licensed under a &lt;a rel="license" href="http://creativecommons.org/licenses/by/4.0/"&gt;Creative Commons - Attribution 4.0 Australia&lt;/a&gt; licence.&lt;br /&gt; &lt;a rel="license" href="http://creativecommons.org/licenses/by/4.0/"&gt;&lt;img alt="Creative Commons License" title="Creative Commons - Attribution 4.0 Australia License" style="border: 0;" src="https://licensebuttons.net/l/by/4.0/88x31.png" /&gt;&lt;/a&gt;&lt;br /&gt; The Department of Environment and Science requests attribution in the following manner:&lt;br /&gt; &amp;copy State of Queensland (Department of Environment and Science) 2020. Updated data available at http://qldspatial.information.qld.gov.au/catalogue//.</gco:CharacterString>
                    </useLimitation>
                    <useConstraints>
                        <MD_RestrictionCode codeList="http://www.isotc211.org/2005/resources/Codelist/gmxCodelists.xml#MD_RestrictionCode" codeListValue="license">license</MD_RestrictionCode>
                    </useConstraints>
                </MD_LegalConstraints>
            </resourceConstraints>
            <resourceConstraints>
                <MD_LegalConstraints>
                    <useLimitation>
                        <gco:CharacterString>Any user of this mapping information or person or organisation distributing this mapping information acknowledges this disclaimer and must reproduce the mapping disclaimer on any websites or mapping that depicts this information.</gco:CharacterString>
                    </useLimitation>
                    <useConstraints>
                        <MD_RestrictionCode codeList="http://www.isotc211.org/2005/resources/Codelist/gmxCodelists.xml#MD_RestrictionCode" codeListValue="intellectualPropertyRights">intellectualPropertyRights</MD_RestrictionCode>
                    </useConstraints>
                </MD_LegalConstraints>
            </resourceConstraints>
            
            
            <resourceConstraints>
                <MD_LegalConstraints>
                    <useConstraints>
                        <MD_RestrictionCode codeList="http://www.isotc211.org/2005/resources/Codelist/gmxCodelists.xml#MD_RestrictionCode" codeListValue="otherRestrictions">otherRestrictions</MD_RestrictionCode>
                    </useConstraints>
                    <otherConstraints>
                        <gco:CharacterString>The State of Queensland makes no statement, representation, or warranty about the quality, accuracy, context, completeness or suitability for any purpose of, and you should not rely on, any mapping information referred to in the report. Any decisions made by other parties based on this document are solely the responsibility of those parties. You should not rely on this information and should independently verify the reliability and suitability of this mapping based on your own inquiries and advice specific to your particular circumstances and purposes. To the extent permitted by law, the State of Queensland disclaims all responsibility and all liability (including without limitation, liability in negligence) for all expenses, losses (including direct and indirect losses), damages and costs you or any other person may incur for any reason including as a result of this mapping being in any way inaccurate, out of context, incomplete, unavailable, not up-to-date or unsuitable for any purpose.</gco:CharacterString>
                    </otherConstraints>
                </MD_LegalConstraints>
            </resourceConstraints>
            
            <spatialRepresentationType>
                <MD_SpatialRepresentationTypeCode codeList="http://www.isotc211.org/2005/resources/Codelist/gmxCodelists.xml#MD_SpatialRepresentationTypeCode" codeListValue="textTable">textTable</MD_SpatialRepresentationTypeCode>
            </spatialRepresentationType>
            
            <language>
                <gco:CharacterString>eng</gco:CharacterString>
            </language>
            <characterSet gco:nilReason="unknown"/>
            <topicCategory>
                <MD_TopicCategoryCode>oceans</MD_TopicCategoryCode>
            </topicCategory>
            <environmentDescription>
                <gco:CharacterString>Directory</gco:CharacterString>
            </environmentDescription>
            <extent>
                <EX_Extent>
                    <geographicElement>
                        <EX_GeographicBoundingBox>
                            <westBoundLongitude>
                                <gco:Decimal>152.56</gco:Decimal>
                            </westBoundLongitude>
                            <eastBoundLongitude>
                                <gco:Decimal>154</gco:Decimal>
                            </eastBoundLongitude>
                            <southBoundLatitude>
                                <gco:Decimal>-27.90</gco:Decimal>
                            </southBoundLatitude>
                            <northBoundLatitude>
                                <gco:Decimal>-26.769</gco:Decimal>
                            </northBoundLatitude>
                        </EX_GeographicBoundingBox>
                    </geographicElement>
                    
                    
                    <temporalElement>
                        <EX_TemporalExtent>
                            <extent>
                                <gml:TimePeriod frame="#ISO-8601" gml:id="timePeriod1">
                                    <gml:beginPosition>2012-12-14</gml:beginPosition>
                                    <gml:endPosition>2012-12-14</gml:endPosition>
                                </gml:TimePeriod>
                            </extent>
                        </EX_TemporalExtent>
                    </temporalElement>
                </EX_Extent>
            </extent>
            <supplementalInformation>
                <gco:CharacterString>The Tsunami events were modelled for each scenario sourced from an early version of Geoscience Australia’s Probabilistic Tsunami Hazard Assessment (draft revised as of Feb 2018). Input conditions were provided at the 1000m depth contour and then transformed through hydrodynamic modelling to the coast.&#13;
&#13;
Modelling outputs are not at a property scale and are purely indicative. For full details on the methodology and the scenarios evaluated see: : https://publications.qld.gov.au/dataset/tsunami-modelling-east-queensland-coast/resource/649c8107-fd0c-410f-9a79-ff8a8c44dca1</gco:CharacterString>
            </supplementalInformation>
        </MD_DataIdentification>
    </identificationInfo>
    <distributionInfo>
        <MD_Distribution>
            <distributionFormat>
                <MD_Format id="DownloadService">
                    <name>
                        <gco:CharacterString>Queensland Spatial Catalogue</gco:CharacterString>
                    </name>
                    <version gco:nilReason="inapplicable"/>
                    <specification>
                        <gco:CharacterString>Download Service</gco:CharacterString>
                    </specification>
                    <formatDistributor>
                        <MD_Distributor>
                            <distributorContact>
                                <CI_ResponsibleParty>
                                    <organisationName>
                                        <gco:CharacterString>Department of  Environment and Science</gco:CharacterString>
                                    </organisationName>
                                    <role>
                                        <CI_RoleCode codeList="http://www.isotc211.org/2005/resources/Codelist/gmxCodelists.xml#CI_RoleCode" codeListValue="resourceProvider">resourceProvider</CI_RoleCode>
                                    </role>
                                </CI_ResponsibleParty>
                            </distributorContact>
                            <distributionOrderProcess>
                                <MD_StandardOrderProcess>
                                    
                                    <orderingInstructions>
                                        <gco:CharacterString>Open the Queensland Spatial Catalogue (QSpatial). Select the large SEARCH button and all available records are displayed. Select one of the four filter options provided and then the further options within the filter. The resultant search is then displayed. Select your record and complete the order.</gco:CharacterString>
                                    </orderingInstructions>
                                </MD_StandardOrderProcess>
                            </distributionOrderProcess>
                            <distributorTransferOptions>
                                <MD_DigitalTransferOptions>
                                    <onLine>
                                        <CI_OnlineResource id="dns1">
                                            <linkage>
                                                <URL>http://qldspatial.information.qld.gov.au/catalogue/</URL>
                                            </linkage>
                                        </CI_OnlineResource>
                                    </onLine>
                                </MD_DigitalTransferOptions>
                            </distributorTransferOptions>
                        </MD_Distributor>
                    </formatDistributor>
                </MD_Format>
            </distributionFormat>
            
            
            <distributionFormat>
                <MD_Format id="GptBehaviour">
                    <name>
                        <gco:CharacterString>downloadableData</gco:CharacterString>
                    </name>
                    <version>
                        <gco:CharacterString>10.0</gco:CharacterString>
                    </version>
                    <specification>
                        <gco:CharacterString>ESRI ArcGIS Server Geoportal Extension Content Type</gco:CharacterString>
                    </specification>
                </MD_Format>
            </distributionFormat>
            <distributor>
                <MD_Distributor id="distributorContact1">
                    <distributorContact>
                        <CI_ResponsibleParty>
                            <organisationName>
                                <gco:CharacterString>Department of  Environment and Science</gco:CharacterString>
                            </organisationName>
                            <positionName>
                                <gco:CharacterString>opendata@des.qld.gov.au</gco:CharacterString>
                            </positionName>
                            <role>
                                <CI_RoleCode codeList="http://www.isotc211.org/2005/resources/Codelist/gmxCodelists.xml#CI_RoleCode" codeListValue="distributor">distributor</CI_RoleCode>
                            </role>
                        </CI_ResponsibleParty>
                    </distributorContact>
                    
                    <distributorFormat>
                        <MD_Format>
                            <name>
                                <gco:CharacterString>From the Queensland Spatial Catalogue as ESRI file geodatabase FGDB</gco:CharacterString>
                            </name>
                            <version gco:nilReason="inapplicable"/>
                        </MD_Format>
                    </distributorFormat>
                    <distributorTransferOptions>
                        <MD_DigitalTransferOptions>
                            <transferSize>
                                <gco:Real>2500</gco:Real>
                            </transferSize>
                            <onLine>
                                <CI_OnlineResource>
                                    <linkage>
                                        <URL>http://qldspatial.information.qld.gov.au/catalogue/custom/search.page?q=%22Tsunami modelling along the east Queensland coast - Moreton Bay%22</URL>
                                    </linkage>
                                </CI_OnlineResource>
                            </onLine>
                            
                        </MD_DigitalTransferOptions>
                    </distributorTransferOptions>
                </MD_Distributor>
            </distributor>
            <transferOptions>
                <MD_DigitalTransferOptions id="download">
                    <onLine>
                        <CI_OnlineResource>
                            <linkage>
                                <URL/>
                            </linkage>
                            <function>
                                <CI_OnLineFunctionCode codeList="http://www.isotc211.org/2005/resources/Codelist/gmxCodelists.xml#CI_OnLineFunctionCode" codeListValue="download">download</CI_OnLineFunctionCode>
                            </function>
                        </CI_OnlineResource>
                    </onLine>
                </MD_DigitalTransferOptions>
            </transferOptions>
        </MD_Distribution>
    </distributionInfo>
    <dataQualityInfo>
        <DQ_DataQuality>
            <scope>
                <DQ_Scope>
                    <level>
                        <MD_ScopeCode codeList="http://www.isotc211.org/2005/resources/Codelist/gmxCodelists.xml#MD_ScopeCode" codeListValue="dataset">dataset</MD_ScopeCode>
                    </level>
                    
                </DQ_Scope>
            </scope>
            
            
            
            
            
            
            
            
            <lineage>
                <LI_Lineage>
                    <statement>
                        <gco:CharacterString>For details on the methodology refer to Tsunami Modelling along the East Queensland Coast: Moreton Bay</gco:CharacterString>
                    </statement>
                    
                    
                </LI_Lineage>
            </lineage>
        </DQ_DataQuality>
    </dataQualityInfo>
    <metadataConstraints>
        <MD_SecurityConstraints>
            <useLimitation>
                <gco:CharacterString>Public</gco:CharacterString>
            </useLimitation>
            <classification>
                <MD_ClassificationCode codeList="http://www.isotc211.org/2005/resources/Codelist/gmxCodelists.xml#MD_ClassificationCode" codeListValue="unclassified"/>
            </classification>
            <classificationSystem>
                <gco:CharacterString>Metadata Access Level</gco:CharacterString>
            </classificationSystem>
        </MD_SecurityConstraints>
    </metadataConstraints>
</MD_Metadata>