<?xml version="1.0" encoding="UTF-8" standalone="no"?>
<MD_Metadata xmlns="http://www.isotc211.org/2005/gmd" xmlns:gco="http://www.isotc211.org/2005/gco" xmlns:gmd="http://www.isotc211.org/2005/gmd" xmlns:gml="http://www.opengis.net/gml" xmlns:xlink="http://www.w3.org/1999/xlink" xmlns:xsi="http://www.w3.org/2001/XMLSchema-instance" xsi:schemaLocation="http://www.isotc211.org/2005/gmd http://www.isotc211.org/2005/gmd/gmd.xsd      http://www.opengis.net/gml http://www.isotc211.org/2005/gml/gml.xsd      http://www.w3.org/1999/xlink http://www.isotc211.org/2005/xlink/xlinks.xsd">
    <fileIdentifier>
        <gco:CharacterString>{F4CC5500-1EBA-0380-78A5-919E5F41BDD3}</gco:CharacterString>
    </fileIdentifier>
    <language>
        <gco:CharacterString>eng</gco:CharacterString>
    </language>
    <characterSet>
        <MD_CharacterSetCode codeList="http://www.isotc211.org/2005/resources/Codelist/gmxCodelists.xml#MD_CharacterSetCode" codeListValue="utf8"/>
    </characterSet>
    <parentIdentifier>
        <gco:CharacterString>{A1193985-8B0F-4A5B-BE79-1F990DF624B9}</gco:CharacterString>
    </parentIdentifier>
    <hierarchyLevel>
        <MD_ScopeCode codeList="http://www.isotc211.org/2005/resources/Codelist/gmxCodelists.xml#MD_ScopeCode" codeListValue="dataset">dataset</MD_ScopeCode>
    </hierarchyLevel>
    
    <contact>
        <CI_ResponsibleParty id="metadataContact">
            <organisationName>
                <gco:CharacterString>Department of Environment and Science</gco:CharacterString>
            </organisationName>
            <positionName>
                <gco:CharacterString>Principal Scientist, Remote Sensing Centre</gco:CharacterString>
            </positionName>
            <contactInfo>
                <CI_Contact>
                    <phone>
                        <CI_Telephone>
                            <voice>
                                <gco:CharacterString>61 7 3170 5664</gco:CharacterString>
                            </voice>
                        </CI_Telephone>
                    </phone>
                    <address>
                        <CI_Address>
                            
                            
                            
                            
                            
                            <electronicMailAddress>
                                <gco:CharacterString>qlump@des.qld.gov.au</gco:CharacterString>
                            </electronicMailAddress>
                        </CI_Address>
                    </address>
                    
                </CI_Contact>
            </contactInfo>
            <role>
                <CI_RoleCode codeList="http://www.isotc211.org/2005/resources/Codelist/gmxCodelists.xml#CI_RoleCode" codeListValue="pointOfContact">pointOfContact</CI_RoleCode>
            </role>
        </CI_ResponsibleParty>
    </contact>
    <dateStamp>
        <gco:Date>2019-03-13</gco:Date>
    </dateStamp>
    <metadataStandardName>
        <gco:CharacterString>ISO 19115:2005, ANZLIC ISO 1.1</gco:CharacterString>
    </metadataStandardName>
    <metadataStandardVersion>
        <gco:CharacterString>QGIS</gco:CharacterString>
    </metadataStandardVersion>
    <referenceSystemInfo>
        <MD_ReferenceSystem id="coordRefSystem">
            <referenceSystemIdentifier>
                <RS_Identifier>
                    <authority>
                        <CI_Citation>
                            <title>
                                <gco:CharacterString>EPSG Geodetic Parameter
                                Dataset</gco:CharacterString>
                            </title>
                            <date>
                                <CI_Date>
                                    <date>
                                        <gco:Date>2007-07-16</gco:Date>
                                    </date>
                                    <dateType>
                                        <CI_DateTypeCode codeList="http://www.isotc211.org/2005/resources/Codelist/gmxCodelists.xml#CI_DateTypeCode" codeListValue="revision">revision </CI_DateTypeCode>
                                    </dateType>
                                </CI_Date>
                            </date>
                            <edition>
                                <gco:CharacterString>Version 6.13</gco:CharacterString>
                            </edition>
                        </CI_Citation>
                    </authority>
                    <code>
                        <gco:CharacterString>Other</gco:CharacterString>
                    </code>
                </RS_Identifier>
            </referenceSystemIdentifier>
        </MD_ReferenceSystem>
    </referenceSystemInfo>
    <referenceSystemInfo>
        <MD_ReferenceSystem id="projection">
            <referenceSystemIdentifier>
                <RS_Identifier>
                    <authority gco:nilReason="unknown"/>
                    <code>
                        <gco:CharacterString>GDA_1994_Australia_Albers (3577)</gco:CharacterString>
                    </code>
                    <codeSpace>
                        <gco:CharacterString>Projection</gco:CharacterString>
                    </codeSpace>
                </RS_Identifier>
            </referenceSystemIdentifier>
        </MD_ReferenceSystem>
    </referenceSystemInfo>
    
    
    <identificationInfo>
        <MD_DataIdentification>
            <citation>
                <CI_Citation>
                    <title>
                        <gco:CharacterString>Land use mapping - 1999 to 2017 - Burnett Mary NRM</gco:CharacterString>
                    </title>
                    <alternateTitle>
                        <gco:CharacterString>DP_BURNETTMARY_LANDUSE.zip</gco:CharacterString>
                    </alternateTitle>
                    <date>
                        <CI_Date>
                            <date>
                                <gco:Date>2019-03-13</gco:Date>
                            </date>
                            <dateType>
                                <CI_DateTypeCode codeList="http://www.isotc211.org/2005/resources/Codelist/gmxCodelists.xml#CI_DateTypeCode" codeListValue="publication"/>
                            </dateType>
                        </CI_Date>
                    </date>
                    
                    
                    
                    <citedResponsibleParty>
                        <CI_ResponsibleParty id="resourceCustodian">
                            <organisationName>
                                <gco:CharacterString>Department of Environment and Science</gco:CharacterString>
                            </organisationName>
                            <positionName>
                                <gco:CharacterString>Assistant Director General, Science Delivery</gco:CharacterString>
                            </positionName>
                            <contactInfo>
                                <CI_Contact>
                                    <onlineResource>
                                        <CI_OnlineResource>
                                            <linkage>
                                                <URL>http://www.qld.gov.au/environment/land/vegetation/mapping/qlump/</URL>
                                            </linkage>
                                        </CI_OnlineResource>
                                    </onlineResource>                            
                                </CI_Contact>
                            </contactInfo>
                            <role>
                                <CI_RoleCode codeList="http://www.isotc211.org/2005/resources/Codelist/gmxCodelists.xml#CI_RoleCode" codeListValue="custodian">custodian</CI_RoleCode>
                            </role>
                        </CI_ResponsibleParty>
                    </citedResponsibleParty>
                    <citedResponsibleParty>
                        <CI_ResponsibleParty id="resourceOwner">
                            <organisationName>
                                <gco:CharacterString>Department of Environment and Science</gco:CharacterString>
                            </organisationName>
                            <positionName>
                                <gco:CharacterString>Assistant Director General, Science Delivery</gco:CharacterString>
                            </positionName>
                            <role>
                                <CI_RoleCode codeList="http://www.isotc211.org/2005/resources/Codelist/gmxCodelists.xml#CI_RoleCode" codeListValue="owner">owner</CI_RoleCode>
                            </role>
                        </CI_ResponsibleParty>
                    </citedResponsibleParty>
                    <citedResponsibleParty>
                        <CI_ResponsibleParty id="otherCitContact1">
                            <organisationName>
                                <gco:CharacterString>Department of Natural Resources, Mines and Energy</gco:CharacterString>
                            </organisationName>
                            <positionName>
                                <gco:CharacterString>QSpatial Support</gco:CharacterString>
                            </positionName>
							<contactInfo>
								<CI_Contact>
									<phone>
										<CI_Telephone>
											<voice>
												<gco:CharacterString>61 7 3330 4439</gco:CharacterString>
											</voice>
										</CI_Telephone>
									</phone>
									<address>
										<CI_Address>
											<deliveryPoint>
												<gco:CharacterString/>
											</deliveryPoint>
											<city>
												<gco:CharacterString/>
											</city>
											<administrativeArea>
												<gco:CharacterString/>
											</administrativeArea>
											<postalCode>
												<gco:CharacterString/>
											</postalCode>
											<country>
												<gco:CharacterString/>
											</country>
											<electronicMailAddress>
												<gco:CharacterString>Discovery@dnrme.qld.gov.au</gco:CharacterString>
											</electronicMailAddress>
										</CI_Address>
									</address>
									<onlineResource>
										<CI_OnlineResource>
											<linkage>
												<URL/>
											</linkage>
										</CI_OnlineResource>
									</onlineResource>
								</CI_Contact>
							</contactInfo>
                            <role>
                                <CI_RoleCode codeList="http://www.isotc211.org/2005/resources/Codelist/gmxCodelists.xml#CI_RoleCode" codeListValue="resourceProvider">resourceProvider</CI_RoleCode>
                            </role>
                        </CI_ResponsibleParty>
                    </citedResponsibleParty>
                    
                    
                    <presentationForm>
                        <CI_PresentationFormCode codeList="http://www.isotc211.org/2005/resources/Codelist/gmxCodelists.xml#CI_PresentationFormCode" codeListValue="mapDigital">mapDigital</CI_PresentationFormCode>
                    </presentationForm>
                    
                </CI_Citation>
            </citation>


            <abstract>
                <gco:CharacterString>This dataset is a digital land use map of Burnett Mary NRM Region in 1999, 2009 and 2017 and associated changes. Land use is classified according to the Australian Land Use and Management Classification (ALUMC).</gco:CharacterString>
            </abstract>
            <purpose>
                <gco:CharacterString>Indicates the primary use or management objective of the land for the Burnett Mary NRM Region in 1999, 2009 and 2017 and associated land use changes.</gco:CharacterString>
            </purpose>
            <status>
                <MD_ProgressCode codeList="http://www.isotc211.org/2005/resources/Codelist/gmxCodelists.xml#MD_ProgressCode" codeListValue="completed">completed</MD_ProgressCode>
            </status>
            <pointOfContact>
                <CI_ResponsibleParty>
                    <organisationName>
                        <gco:CharacterString>Department of Environment and Science</gco:CharacterString>
                    </organisationName>
                    <positionName>
                        <gco:CharacterString>Principal Scientist, Remote Sensing Centre</gco:CharacterString>
                    </positionName>
                    <contactInfo>
                        <CI_Contact>
                            <phone>
                                <CI_Telephone>
                                    <voice>
                                        <gco:CharacterString>61 7 3170 5664</gco:CharacterString>
                                    </voice>
                                </CI_Telephone>
                            </phone>
                            <address>
                                <CI_Address>
                                    
                                    
                                    
                                    
                                    
                                    <electronicMailAddress>
                                        <gco:CharacterString>qlump@des.qld.gov.au</gco:CharacterString>
                                    </electronicMailAddress>
                                </CI_Address>
                            </address>
                                                        
                        </CI_Contact>
                    </contactInfo>
                    <role>
                        <CI_RoleCode codeList="http://www.isotc211.org/2005/resources/Codelist/gmxCodelists.xml#CI_RoleCode" codeListValue="pointOfContact"/>
                    </role>
                </CI_ResponsibleParty>
            </pointOfContact>
            <resourceMaintenance>
                <MD_MaintenanceInformation>
                    <maintenanceAndUpdateFrequency>
                        <MD_MaintenanceFrequencyCode codeList="http://www.isotc211.org/2005/resources/Codelist/gmxCodelists.xml#MD_MaintenanceFrequencyCode" codeListValue="notPlanned"/>
                    </maintenanceAndUpdateFrequency>
                    
                </MD_MaintenanceInformation>
            </resourceMaintenance>
            
            <resourceFormat>
                <MD_Format>
                    <name>
                        <gco:CharacterString>Spatial Data Format</gco:CharacterString>
                    </name>
                    <version>
                        <gco:CharacterString>2.0</gco:CharacterString>
                    </version>
                </MD_Format>
            </resourceFormat>
            <descriptiveKeywords>
                <MD_Keywords id="ThemeAnzlicThesaurus">
                    <keyword>
                        <gco:CharacterString>AGRICULTURE</gco:CharacterString>
                    </keyword>
<keyword>
                        <gco:CharacterString>AGRICULTURE-Crops</gco:CharacterString>
                    </keyword>
<keyword>
                        <gco:CharacterString>AGRICULTURE-Horticulture</gco:CharacterString>
                    </keyword>
<keyword>
                        <gco:CharacterString>AGRICULTURE-Irrigation</gco:CharacterString>
                    </keyword>
<keyword>
                        <gco:CharacterString>AGRICULTURE-Livestock</gco:CharacterString>
                    </keyword>
<keyword>
                        <gco:CharacterString>BOUNDARIES</gco:CharacterString>
                    </keyword>
<keyword>
                        <gco:CharacterString>ENERGY</gco:CharacterString>
                    </keyword>
<keyword>
                        <gco:CharacterString>ENERGY-Coal</gco:CharacterString>
                    </keyword>
<keyword>
                        <gco:CharacterString>ENERGY-Electricity</gco:CharacterString>
                    </keyword>
<keyword>
                        <gco:CharacterString>ENERGY-Petroleum</gco:CharacterString>
                    </keyword>
<keyword>
                        <gco:CharacterString>ENERGY-Renewable</gco:CharacterString>
                    </keyword>
<keyword>
                        <gco:CharacterString>ENERGY-Use</gco:CharacterString>
                    </keyword>
<keyword>
                        <gco:CharacterString>FISHERIES</gco:CharacterString>
                    </keyword>
<keyword>
                        <gco:CharacterString>FISHERIES-Aquaculture</gco:CharacterString>
                    </keyword>
<keyword>
                        <gco:CharacterString>FISHERIES-Freshwater</gco:CharacterString>
                    </keyword>
<keyword>
                        <gco:CharacterString>FISHERIES-Marine</gco:CharacterString>
                    </keyword>
<keyword>
                        <gco:CharacterString>FISHERIES-Recreational</gco:CharacterString>
                    </keyword>
<keyword>
                        <gco:CharacterString>FORESTS</gco:CharacterString>
                    </keyword>
<keyword>
                        <gco:CharacterString>FORESTS-Agriforestry</gco:CharacterString>
                    </keyword>
<keyword>
                        <gco:CharacterString>FORESTS-Natural</gco:CharacterString>
                    </keyword>
<keyword>
                        <gco:CharacterString>FORESTS-Plantation</gco:CharacterString>
                    </keyword>
<keyword>
                        <gco:CharacterString>HEALTH</gco:CharacterString>
                    </keyword>
<keyword>
                        <gco:CharacterString>HUMAN-ENVIRONMENT</gco:CharacterString>
                    </keyword>
<keyword>
                        <gco:CharacterString>HUMAN-ENVIRONMENT-Economics</gco:CharacterString>
                    </keyword>
<keyword>
                        <gco:CharacterString>HUMAN-ENVIRONMENT-Housing</gco:CharacterString>
                    </keyword>
<keyword>
                        <gco:CharacterString>HUMAN-ENVIRONMENT-Livability</gco:CharacterString>
                    </keyword>
<keyword>
                        <gco:CharacterString>HUMAN-ENVIRONMENT-Planning</gco:CharacterString>
                    </keyword>
<keyword>
                        <gco:CharacterString>HUMAN-ENVIRONMENT-Structures-and-Facilities</gco:CharacterString>
                    </keyword>
<keyword>
                        <gco:CharacterString>HUMAN-ENVIRONMENT-Urban-Design</gco:CharacterString>
                    </keyword>
<keyword>
                        <gco:CharacterString>INDUSTRY</gco:CharacterString>
                    </keyword>
<keyword>
                        <gco:CharacterString>INDUSTRY-Manufacturing</gco:CharacterString>
                    </keyword>
<keyword>
                        <gco:CharacterString>INDUSTRY-Mining</gco:CharacterString>
                    </keyword>
<keyword>
                        <gco:CharacterString>INDUSTRY-Other</gco:CharacterString>
                    </keyword>
<keyword>
                        <gco:CharacterString>INDUSTRY-Primary</gco:CharacterString>
                    </keyword>
<keyword>
                        <gco:CharacterString>INDUSTRY-Service</gco:CharacterString>
                    </keyword>
<keyword>
                        <gco:CharacterString>LAND</gco:CharacterString>
                    </keyword>
<keyword>
                        <gco:CharacterString>LAND-Cadastre</gco:CharacterString>
                    </keyword>
<keyword>
                        <gco:CharacterString>LAND-Geography</gco:CharacterString>
                    </keyword>
<keyword>
                        <gco:CharacterString>LAND-Use</gco:CharacterString>
                    </keyword>
<keyword>
                        <gco:CharacterString>MARINE-Coasts</gco:CharacterString>
                    </keyword>
<keyword>
                        <gco:CharacterString>MARINE-Estuaries</gco:CharacterString>
                    </keyword>
<keyword>
                        <gco:CharacterString>MARINE-Human-Impacts</gco:CharacterString>
                    </keyword>
<keyword>
                        <gco:CharacterString>TRANSPORTATION</gco:CharacterString>
                    </keyword>
<keyword>
                        <gco:CharacterString>TRANSPORTATION-Air</gco:CharacterString>
                    </keyword>
<keyword>
                        <gco:CharacterString>TRANSPORTATION-Land</gco:CharacterString>
                    </keyword>
<keyword>
                        <gco:CharacterString>TRANSPORTATION-Marine</gco:CharacterString>
                    </keyword>
<keyword>
                        <gco:CharacterString>UTILITIES</gco:CharacterString>
                    </keyword>
<keyword>
                        <gco:CharacterString>VEGETATION</gco:CharacterString>
                    </keyword>
<keyword>
                        <gco:CharacterString>WASTE</gco:CharacterString>
                    </keyword>
<keyword>
                        <gco:CharacterString>WASTE-Liquid</gco:CharacterString>
                    </keyword>
<keyword>
                        <gco:CharacterString>WASTE-Sewage</gco:CharacterString>
                    </keyword>
<keyword>
                        <gco:CharacterString>WASTE-Solid</gco:CharacterString>
                    </keyword>
<keyword>
                        <gco:CharacterString>WATER</gco:CharacterString>
                    </keyword>
<keyword>
                        <gco:CharacterString>WATER-Lakes</gco:CharacterString>
                    </keyword>
<keyword>
                        <gco:CharacterString>WATER-Rivers</gco:CharacterString>
                    </keyword>
<keyword>
                        <gco:CharacterString>WATER-Surface</gco:CharacterString>
                    </keyword>
<keyword>
                        <gco:CharacterString>WATER-Wetlands</gco:CharacterString>
                    </keyword>
                    <type>
                        <MD_KeywordTypeCode codeList="http://www.isotc211.org/2005/resources/Codelist/gmxCodelists.xml#MD_KeywordTypeCode" codeListValue="theme">theme</MD_KeywordTypeCode>
                    </type>
                    <thesaurusName>
                        <CI_Citation>
                            <title>
                                <gco:CharacterString>ANZLIC Search Words</gco:CharacterString>
                            </title>
                            <date>
                                <CI_Date>
                                    <date gco:nilReason="unknown"/>
                                    <dateType>
                                        <CI_DateTypeCode codeList="http://www.isotc211.org/2005/resources/Codelist/gmxCodelists.xml#CI_DateTypeCode" codeListValue="publication">publication</CI_DateTypeCode>
                                    </dateType>
                                </CI_Date>
                            </date>
                        </CI_Citation>
                    </thesaurusName>
                </MD_Keywords>
            </descriptiveKeywords>
            <descriptiveKeywords>
                <MD_Keywords id="ThemeOpenDataThesaurus">
                    <keyword>
                        <gco:CharacterString>Sciences</gco:CharacterString>
                    </keyword>
                    <type>
                        <MD_KeywordTypeCode codeList="http://www.isotc211.org/2005/resources/Codelist/gmxCodelists.xml#MD_KeywordTypeCode" codeListValue="theme">theme</MD_KeywordTypeCode>
                    </type>
                    <thesaurusName>
                        <CI_Citation>
                            <title>
                                <gco:CharacterString>Queensland Open Data Categories</gco:CharacterString>
                            </title>
                            <date>
                                <CI_Date>
                                    <date gco:nilReason="unknown"/>
                                    <dateType>
                                        <CI_DateTypeCode codeList="http://www.isotc211.org/2005/resources/Codelist/gmxCodelists.xml#CI_DateTypeCode" codeListValue="publication">publication</CI_DateTypeCode>
                                    </dateType>
                                </CI_Date>
                            </date>
                        </CI_Citation>
                    </thesaurusName>
                </MD_Keywords>
            </descriptiveKeywords>
            
            
            <resourceConstraints>
                <MD_SecurityConstraints>
                    <useLimitation>
                        <gco:CharacterString>Unrestricted to all levels of government and community. Dataset is available to all government agencies, community groups and individuals. Dataset will be available to registered users via web delivery tools, for example, the Queensland Spatial Catalogue (QGIS) http://qldspatial.information.qld.gov.au/catalogue//</gco:CharacterString>
                    </useLimitation>
                    <classification>
                        <MD_ClassificationCode codeList="http://www.isotc211.org/2005/resources/Codelist/gmxCodelists.xml#MD_ClassificationCode" codeListValue="unclassified">unclassified</MD_ClassificationCode>
                    </classification>
                    <classificationSystem>
                        <gco:CharacterString>Resource Access Level</gco:CharacterString>
                    </classificationSystem>
                </MD_SecurityConstraints>
            </resourceConstraints>
            <resourceConstraints>
                <MD_LegalConstraints>
                    <useLimitation>
                        <gco:CharacterString>State of Queensland (Department of Environment and Science), March 2019. The Land use of Burnett Mary NRM Region is a product of the Australian Collaborative Land Use and Management Program (ACLUMP). ACLUMP, of which QLUMP is a partner, promotes the development of consistent information on land use and land management practices. This consortium of Australian, state and territory government partners is critical to providing nationally consistent land use mapping at both catchment and national scale, underpinned by common technical standards including an agreed national land use classification. ACLUMP provides a national land use data directory and the maintenance of land use datasets on Australian and state government data repositories. More information on ACLUMP available at www.abares.gov.au/landuse.</gco:CharacterString>
                    </useLimitation>
                    <useConstraints>
                        <MD_RestrictionCode codeList="http://www.isotc211.org/2005/resources/Codelist/gmxCodelists.xml#MD_RestrictionCode" codeListValue="copyright">copyright</MD_RestrictionCode>
                    </useConstraints>
                </MD_LegalConstraints>
            </resourceConstraints>
            <resourceConstraints>
                <MD_LegalConstraints>
                    <useLimitation>
                        <gco:CharacterString>This material is licensed under a &lt;a rel="license" href="http://creativecommons.org/licenses/by/4.0/"&gt;Creative Commons - Attribution 3.0 Australia&lt;/a&gt; licence.&lt;br /&gt; &lt;a rel="license" href="http://creativecommons.org/licenses/by/4.0/"&gt;&lt;img alt="Creative Commons License" title="Creative Commons - Attribution 3.0 Australia License" style="border: 0;" src="https://licensebuttons.net/l/by/4.0/88x31.png" /&gt;&lt;/a&gt;&lt;br /&gt; The Department of Environment and Science requests attribution in the following manner:&lt;br /&gt; &amp;copy State of Queensland (Department of Environment and Science) 2020.</gco:CharacterString>
                    </useLimitation>
                    <useConstraints>
                        <MD_RestrictionCode codeList="http://www.isotc211.org/2005/resources/Codelist/gmxCodelists.xml#MD_RestrictionCode" codeListValue="license">license</MD_RestrictionCode>
                    </useConstraints>
                </MD_LegalConstraints>
            </resourceConstraints>
            <resourceConstraints>
                <MD_LegalConstraints>
                    <useLimitation>
                        <gco:CharacterString>While every care is taken to ensure the accuracy of this information, the Department of Environment and Science makes no representations or warranties about its accuracy, reliability, completeness or suitability for any particular purpose and disclaims all responsibility and all liability (including without limitation, liability in negligence) for all expenses, losses, damages (including indirect or consequential damage) and costs which might be incurred as a result of the information being inaccurate or incomplete in any way and for any reason. The State of Queensland 2019.</gco:CharacterString>
                    </useLimitation>
                    <useConstraints>
                        <MD_RestrictionCode codeList="http://www.isotc211.org/2005/resources/Codelist/gmxCodelists.xml#MD_RestrictionCode" codeListValue="intellectualPropertyRights">intellectualPropertyRights</MD_RestrictionCode>
                    </useConstraints>
                </MD_LegalConstraints>
            </resourceConstraints>
            
            
            
            
            <spatialRepresentationType>
                <MD_SpatialRepresentationTypeCode codeList="http://www.isotc211.org/2005/resources/Codelist/gmxCodelists.xml#MD_SpatialRepresentationTypeCode" codeListValue="vector">vector</MD_SpatialRepresentationTypeCode>
            </spatialRepresentationType>
            <spatialResolution>
                <MD_Resolution>
                    <equivalentScale>
                        <MD_RepresentativeFraction>
                            <denominator>
                                <gco:Integer>50000</gco:Integer>
                            </denominator>
                        </MD_RepresentativeFraction>
                    </equivalentScale>
                    
                </MD_Resolution>
            </spatialResolution>
            <language>
                <gco:CharacterString>eng</gco:CharacterString>
            </language>
            <characterSet gco:nilReason="unknown"/>
            <topicCategory>
                <MD_TopicCategoryCode>farming</MD_TopicCategoryCode>
            </topicCategory>
<topicCategory>
                <MD_TopicCategoryCode>planningCadastre</MD_TopicCategoryCode>
            </topicCategory>
<topicCategory>
                <MD_TopicCategoryCode>environment</MD_TopicCategoryCode>
            </topicCategory>
<topicCategory>
                <MD_TopicCategoryCode>imageryBaseMapsEarthCover</MD_TopicCategoryCode>
            </topicCategory>
            <environmentDescription>
                <gco:CharacterString>Open Data</gco:CharacterString>
            </environmentDescription>
            <extent>
                <EX_Extent>
                    <geographicElement>
                        <EX_GeographicBoundingBox>
                            <westBoundLongitude>
                                <gco:Decimal>150.017060</gco:Decimal>
                            </westBoundLongitude>
                            <eastBoundLongitude>
                                <gco:Decimal>153.660752</gco:Decimal>
                            </eastBoundLongitude>
                            <southBoundLatitude>
                                <gco:Decimal>-27.128795</gco:Decimal>
                            </southBoundLatitude>
                            <northBoundLatitude>
                                <gco:Decimal>-23.714645</gco:Decimal>
                            </northBoundLatitude>
                        </EX_GeographicBoundingBox>
                    </geographicElement>
                    
                    
                    <temporalElement>
                        <EX_TemporalExtent>
                            <extent>
                                <gml:TimePeriod frame="#ISO-8601" gml:id="timePeriod1">
                                    <gml:beginPosition indeterminatePosition="after">1999-01-01</gml:beginPosition>
                                    <gml:endPosition indeterminatePosition="before">2017-12-31</gml:endPosition>
                                </gml:TimePeriod>
                            </extent>
                        </EX_TemporalExtent>
                    </temporalElement>
                </EX_Extent>
            </extent>
            <supplementalInformation>
                <gco:CharacterString>The dataset is a product of the Queensland Land use Mapping Program (QLUMP) and was produced by the Queensland Government. The dataset comprises an ESRI vector geodatabase (10.6.1.9270) at a nominal scale of 1:50,000. The layer is a polygon dataset with each feature having attributes describing land use. Land use is classified according to the Australian Land Use and Management Classification (ALUMC) Version 8, October 2016. Five primary classes are identified in order of increasing levels of intervention or potential impact on the natural landscape. Water is included separately as a sixth primary class. Under the three-level hierarchical structure, the minimum attribution level for land use mapping in Queensland is secondary land use. Primary and secondary levels relate to land use (i.e. the principal use of the land in terms of the objectives of the land manager). The tertiary level includes data on commodities or vegetation, (e.g. crops such as cereals and oil seeds). Where required and possible, attribution is performed to tertiary level. QLUMP maps the land use classes of sugar and cotton consistently to tertiary level. Since 2015, QLUMP includes commodity level classification of banana, avocado, macadamia and mango orchards (dryland and irrigated). Refer to the contact position for additional information regarding source data. Further information relating to land use mapping can be found at http://www.qld.gov.au/environment/land/vegetation/mapping/qlump/ and http://www.agriculture.gov.au/abares/aclump/land-use/.</gco:CharacterString>
            </supplementalInformation>
        </MD_DataIdentification>
    </identificationInfo>
    <distributionInfo>
        <MD_Distribution>
            <distributionFormat>
                <MD_Format id="DownloadService">
                    <name>
                        <gco:CharacterString>Queensland Spatial Catalogue</gco:CharacterString>
                    </name>
                    <version gco:nilReason="inapplicable"/>
                    <specification>
                        <gco:CharacterString>Download Service</gco:CharacterString>
                    </specification>
                    <formatDistributor>
                        <MD_Distributor>
                            <distributorContact>
                                <CI_ResponsibleParty>
                                    <organisationName>
                                        <gco:CharacterString>Department of Environment and Science</gco:CharacterString>
                                    </organisationName>
                                    <role>
                                        <CI_RoleCode codeList="http://www.isotc211.org/2005/resources/Codelist/gmxCodelists.xml#CI_RoleCode" codeListValue="resourceProvider">resourceProvider</CI_RoleCode>
                                    </role>
                                </CI_ResponsibleParty>
                            </distributorContact>
                            <distributionOrderProcess>
                                <MD_StandardOrderProcess>
                                    
                                    <orderingInstructions>
                                        <gco:CharacterString>Open the Queensland Spatial Catalogue (QSpatial). Select the large SEARCH button and all available records are displayed. Select one of the four filter options provided and then the further options within the filter. The resultant search is then displayed. Select your record and complete the order.</gco:CharacterString>
                                    </orderingInstructions>
                                </MD_StandardOrderProcess>
                            </distributionOrderProcess>
                            <distributorTransferOptions>
                                <MD_DigitalTransferOptions>
                                    <onLine>
                                        <CI_OnlineResource id="dns1">
                                            <linkage>
                                                <URL>http://qldspatial.information.qld.gov.au/catalogue/</URL>
                                            </linkage>
                                        </CI_OnlineResource>
                                    </onLine>
                                </MD_DigitalTransferOptions>
                            </distributorTransferOptions>
                        </MD_Distributor>
                    </formatDistributor>
                </MD_Format>
            </distributionFormat>
            
            
            <distributionFormat>
                <MD_Format id="GptBehaviour">
                    <name>
                        <gco:CharacterString>downloadableData</gco:CharacterString>
                    </name>
                    <version>
                        <gco:CharacterString>10.0</gco:CharacterString>
                    </version>
                    <specification>
                        <gco:CharacterString>ESRI ArcGIS Server Geoportal Extension Content Type</gco:CharacterString>
                    </specification>
                </MD_Format>
            </distributionFormat>
            <distributor>
                <MD_Distributor id="distributorContact1">
                    <distributorContact>
                        <CI_ResponsibleParty>
                            <organisationName>
                                <gco:CharacterString>Department of Environment and Science</gco:CharacterString>
                            </organisationName>
                            <positionName>
                                <gco:CharacterString>opendata@des.qld.gov.au</gco:CharacterString>
                            </positionName>
                            <role>
                                <CI_RoleCode codeList="http://www.isotc211.org/2005/resources/Codelist/gmxCodelists.xml#CI_RoleCode" codeListValue="distributor">distributor</CI_RoleCode>
                            </role>
                        </CI_ResponsibleParty>
                    </distributorContact>
                    
                    <distributorFormat>
                        <MD_Format>
                            <name>
                                <gco:CharacterString>From Queensland Spatial Catalogue, this dataset is available as an ArcGIS Geodatabase in a zipped file.</gco:CharacterString>
                            </name>
                            <version gco:nilReason="inapplicable"/>
                        </MD_Format>
                    </distributorFormat>
                    <distributorTransferOptions>
                        <MD_DigitalTransferOptions>
                            <transferSize>
                                <gco:Real>78</gco:Real>
                            </transferSize>
                            <onLine>
                                <CI_OnlineResource>
                                    <linkage>
                                        <URL>http://qldspatial.information.qld.gov.au/catalogue/custom/search.page?q=%22Land use mapping - 1999 to 2017 - Burnett Mary NRM%22</URL>
                                    </linkage>
                                </CI_OnlineResource>
                            </onLine>
                            
                        </MD_DigitalTransferOptions>
                    </distributorTransferOptions>
                </MD_Distributor>
            </distributor>
            <transferOptions>
                <MD_DigitalTransferOptions id="download">
                    <onLine>
                        <CI_OnlineResource>
                            <linkage>
                                <URL/>
                            </linkage>
                            <function>
                                <CI_OnLineFunctionCode codeList="http://www.isotc211.org/2005/resources/Codelist/gmxCodelists.xml#CI_OnLineFunctionCode" codeListValue="download">download</CI_OnLineFunctionCode>
                            </function>
                        </CI_OnlineResource>
                    </onLine>
                </MD_DigitalTransferOptions>
            </transferOptions>
        </MD_Distribution>
    </distributionInfo>
    <dataQualityInfo>
        <DQ_DataQuality>
            <scope>
                <DQ_Scope>
                    <level>
                        <MD_ScopeCode codeList="http://www.isotc211.org/2005/resources/Codelist/gmxCodelists.xml#MD_ScopeCode" codeListValue="dataset">dataset</MD_ScopeCode>
                    </level>
                    
                </DQ_Scope>
            </scope>
            <report>
                <DQ_CompletenessOmission>
                    <result>
                        <DQ_ConformanceResult>
                            <specification gco:nilReason="missing"/>
                            <explanation>
                                <gco:CharacterString>Completeness of coverage: All spatial and attribute data are complete for the entire dataset. Completeness of classification: Land use features were captured from a range of source data. Mapping from satellite imagery was generally undertaken to the smallest discrete unit able to be visually interpreted using the visual cues of colour, texture and pattern (approximately one hectare). Land use information from ancillary datasets was captured at the scale of the source data. The resulting land use dataset therefore contains features at a range of scales and resolutions. To promote consistency in the way land use features are handled and represented, project guidelines specify minimum data resolution standards appropriate to various mapping scales. At a scale of 1:50,000 the surface area of the smallest mapped feature is two hectares and minimum width for linear features is 50 metres. Land use classes were assigned according to the Australian Land Use and Management Classification Version 8, May 2016 (Australian Bureau of Agriculture and Resource Economics and Sciences, 2016).</gco:CharacterString>
                            </explanation>
                            <pass gco:nilReason="inapplicable"/>
                        </DQ_ConformanceResult>
                    </result>
                </DQ_CompletenessOmission>
            </report>
            <report>
                <DQ_ConceptualConsistency>
                    <result>
                        <DQ_ConformanceResult>
                            <specification gco:nilReason="missing"/>
                            <explanation>
                                <gco:CharacterString>To ensure the completeness of the data, the topology rules of "Must Not Overlap" and "Must Not Have Gaps" are valid. The data is to a standard determined as fit for the purpose for which it was collected.</gco:CharacterString>
                            </explanation>
                            <pass gco:nilReason="inapplicable"/>
                        </DQ_ConformanceResult>
                    </result>
                </DQ_ConceptualConsistency>
            </report>
            <report>
                <DQ_AbsoluteExternalPositionalAccuracy>
                    <result>
                        <DQ_ConformanceResult>
                            <specification gco:nilReason="missing"/>
                            <explanation>
                                <gco:CharacterString>Land use polygons were derived from datasets with a range of scales, as well as on-screen hand digitising from imagery. The positional accuracy of source datasets was variable ranging from approximately 25 metres for information derived from 1:50,000 scale datasets, to 50 metres for information derived from 1:100,000 scale datasets. Hand digitising was undertaken to an error of approximately one millimetre (50 metres at map scale). Where there were inconsistencies between polygon boundaries defined by source datasets (vector coverages) and imagery, they were adjusted to conform to the imagery as this was considered to have higher positional accuracy.</gco:CharacterString>
                            </explanation>
                            <pass gco:nilReason="inapplicable"/>
                        </DQ_ConformanceResult>
                    </result>
                </DQ_AbsoluteExternalPositionalAccuracy>
            </report>
            <report>
                <DQ_NonQuantitativeAttributeAccuracy>
                    <result>
                        <DQ_ConformanceResult>
                            <specification gco:nilReason="missing"/>
                            <explanation>
                                <gco:CharacterString>An independent accuracy assessment of the completed dataset was undertaken using a modified version of the methods described in "Guidelines for land use mapping in Australia: principles, procedures and definitions", 4th edition, 2011 (ABARES). The data is to a standard determined as fit for the purpose for which it was collected.</gco:CharacterString>
                            </explanation>
                            <pass gco:nilReason="inapplicable"/>
                        </DQ_ConformanceResult>
                    </result>
                </DQ_NonQuantitativeAttributeAccuracy>
            </report>
            <report>
                <DQ_QuantitativeAttributeAccuracy>
                    <result>
                        <DQ_ConformanceResult>
                            <specification gco:nilReason="missing"/>
                            <explanation>
                                <gco:CharacterString>Several classes were highlighted as being susceptible to misclassification and issues arose which increased uncertainty in others. Livestock grazing occurs on a range of pasture types including native and exotic as well as mixtures of both. Identifying and separating these using imagery, aerial photography and field observation is difficult and unreliable. Areas of pasture which appeared to be harvested for fodder or grazed often were mapped as Cropping (3.3.0). This may contribute to an over-estimation of cropping in the region. Other areas mapped as grazing include road reserves, cleared and uncleared land adjacent to rivers and streams as well as land immediately adjacent to or between cropped paddocks. Other minimal use (1.3.0) and Remnant native cover (1.3.3) may also be confused with this class. The appearance of these can be highly variable and classification may therefore not be consistent. The areas mapped as cropping and irrigated cropping include features such as tracks and drainage lines which are too small to be mapped separately at the scale of 1:50,000. Guidelines for mapping the class 'Intensive animal husbandry' (5.2.0) have changed in ALUMC Version 8. Only the infrastructure associated with intensive animal production should be classified as 5.2.0 (e.g. dairy sheds, 5.2.1). The surrounding pastures should generally mapped as 'Grazing modified pastures' (3.2.0) or 'Grazing irrigated modified pastures' (4.2.0). Rural residential with Agriculture (5.4.2) areas are a source of possible error. Properties on the fringes of suburban settlements, hobby farms and subdivisions in isolated localities with comparatively small lot sizes were mapped to this class. The use of QVAS (valuation information) was useful, based on whether or not the land owner was classified as a primary producer. This class may be misclassified with Grazing native vegetation (2.1.0) and Other Minimal Use (1.3.0), especially on larger properties. The distinction between dryland and irrigated cropping (3.3.0 and 4.3.0) was not always evident and it is likely there is some misclassification in these classes. Proximity to water sources (watercourse or dam) and local knowledge was used to confirm areas of irrigation as much as possible. Areas mapped as irrigated cropping are potentially only irrigated on a supplementary basis and may not have actually been irrigated in 2016. The Queensland Herbarium's wetlands dataset provided the basis for mapping marsh/wetlands (6.5.0), lakes (6.1.0) and reservoir or dams (6.2.0). The ephemeral nature of many of these can lead to confusion insofar as they may be present in imagery of one date and either absent or of differing extent in imagery of subsequent or previous dates. For this reason, only wetlands, lakes and dams that were commonly or permanently inundated were included in the dataset. As a result, there is likely to be errors &amp; omissions and some disagreement in the mapping of features such as farm dams, reservoirs, lakes, wetlands &amp; other water features. Many water features whilst exceeding the minimum mappable area requirements, do not meet the criteria for linear or uniform features. The land use datasets are a snapshot of what was interpreted as the primary land use for a particular year. However, effort was given to distinguishing between an actual land use change and a rotation. For example, an area that is usually cropped, but is not used for that particular purpose in the year of interest, was still mapped as cropping even though no crop was present in that year. This was not considered an actual land use change, but rather a rotation, as the primary land use for that paddock would still be cropping. The revised land use mapping has been improved through the interpretation of the most suitable imagery available. On occasion this will be Landsat (30m), which raises some uncertainty in respect of accurately classifying the intensive land use classes. The minimum mapping unit (2ha) also contributes to the uncertainty through the aggregation of otherwise individual land use features, particularly at cadastral parcel level. These limitations may therefore lead to omission and commission errors in the classification of the intensive land use classes in earlier mapping products and the land use change products which are derived from them.</gco:CharacterString>
                            </explanation>
                            <pass gco:nilReason="inapplicable"/>
                        </DQ_ConformanceResult>
                    </result>
                </DQ_QuantitativeAttributeAccuracy>
            </report>
            
            <report>
                <DQ_CompletenessCommission>
                    <result>
                        <DQ_ConformanceResult>
                            <specification gco:nilReason="missing"/>
                            <explanation>
                                <gco:CharacterString>Delineation of land use attributes was based on visual interpretation of multi-temporal Landsat, Earth-I and SPOT6 and SPOT7 satellite imagery, high-res ortho photography, scanned aerial photography as well as ancillary data sets containing land use information, field observations and personal communication with regional Queensland Government staff. Assignment of land use classes was based on ALUMC Version 8 (October 2016).</gco:CharacterString>
                            </explanation>
                            <pass gco:nilReason="inapplicable"/>
                        </DQ_ConformanceResult>
                    </result>
                </DQ_CompletenessCommission>
            </report>
            
            <lineage>
                <LI_Lineage>
                    <statement>
                        <gco:CharacterString>The land use features were identified using satellite image and ancillary data interpretation. The mapping is verified through field mapping and/or meeting with local officers or extension officers. Validation is conducted at the desktop using a stratified random sample of points.</gco:CharacterString>
                    </statement>
                    <processStep>
                        <LI_ProcessStep>
                            <description>
                                <gco:CharacterString>The existing 1999 baseline land use dataset (vector) formed the basis for the 2017 land use dataset. The 2017 dataset was created primarily by interpretation of Earth-I imagery, high-res orthophotography, scanned aerial photography and inclusion of expert local knowledge. This was achieved by overlaying the land use datasets on imagery and digitising or modifying areas previously omitted or incorrectly mapped . The DCDB, QVAS, Estates, Nature Refuge, Plantation, Queensland Herbarium Wetlands, Recreation Land and other point data (piggeries, aquaculture, feedlots, poultry farms, saw mills, sugar mills and cotton gins) datasets were used to assist in identification and delineation of property and land use type boundaries. Digitised areas of uniform land use type were assigned to land use classes according to ALUMC Version 8 (October 2016). Local authorities and regional Queensland Government and other State department officers supplied information and confirmed land uses not identified from the satellite images.</gco:CharacterString>
                            </description>
                        </LI_ProcessStep>
                    </processStep>
                    <source>
                        <LI_Source>
                            <description>
                                <gco:CharacterString>Queensland Government Land use mapping; Landsat TM, ETM+ and OLI imagery; Spot5/6/7 imagery; Earth-I imagery; High-res ortho photography through the Spatial Imagery Subscription Plan (SISP); Queensland Digital Cadastral Database (DCDB) (2017), Queensland Valuation and Sales Database (QVAS) (2017); Queensland Estates (2017); Scanned aerial photography (1997-2017). Additional verbal &amp; written information on land uses &amp; their locations was obtained from regional Queensland Government officers, Local Government Authorities, land owners &amp; managers, private industry as well as from field observations. Other ancillary data sources include a range of existing digital datasets containing land use information from Queensland Government spatial data inventory and prepared for use in a GIS using ArcGIS.</gco:CharacterString>
                            </description>
                        </LI_Source>
                    </source>
                </LI_Lineage>
            </lineage>
        </DQ_DataQuality>
    </dataQualityInfo>
    <metadataConstraints>
        <MD_SecurityConstraints>
            <useLimitation>
                <gco:CharacterString>Public</gco:CharacterString>
            </useLimitation>
            <classification>
                <MD_ClassificationCode codeList="http://www.isotc211.org/2005/resources/Codelist/gmxCodelists.xml#MD_ClassificationCode" codeListValue="unclassified"/>
            </classification>
            <classificationSystem>
                <gco:CharacterString>Metadata Access Level</gco:CharacterString>
            </classificationSystem>
        </MD_SecurityConstraints>
    </metadataConstraints>
</MD_Metadata>