<?xml version="1.0" encoding="UTF-8" standalone="no"?>
<MD_Metadata xmlns="http://www.isotc211.org/2005/gmd" xmlns:gco="http://www.isotc211.org/2005/gco" xmlns:gmd="http://www.isotc211.org/2005/gmd" xmlns:gml="http://www.opengis.net/gml" xmlns:xlink="http://www.w3.org/1999/xlink" xmlns:xsi="http://www.w3.org/2001/XMLSchema-instance" xsi:schemaLocation="http://www.isotc211.org/2005/gmd http://www.isotc211.org/2005/gmd/gmd.xsd      http://www.opengis.net/gml http://www.isotc211.org/2005/gml/gml.xsd      http://www.w3.org/1999/xlink http://www.isotc211.org/2005/xlink/xlinks.xsd">
    <fileIdentifier>
        <gco:CharacterString>"QLD_GIC_FPC_HUGH_2011"</gco:CharacterString>
    </fileIdentifier>
    <language>
        <gco:CharacterString>eng</gco:CharacterString>
    </language>
    <characterSet>
        <MD_CharacterSetCode codeList="http://www.isotc211.org/2005/resources/Codelist/gmxCodelists.xml#MD_CharacterSetCode" codeListValue="utf8"/>
    </characterSet>
    <parentIdentifier>
        <gco:CharacterString>{9E506158-8845-4F0D-8BF4-78EBAFE8AB07}</gco:CharacterString>
    </parentIdentifier>
    <hierarchyLevel>
        <MD_ScopeCode codeList="http://www.isotc211.org/2005/resources/Codelist/gmxCodelists.xml#MD_ScopeCode" codeListValue="dataset">dataset</MD_ScopeCode>
    </hierarchyLevel>
    
    <contact>
        <CI_ResponsibleParty id="metadataContact">
            <organisationName>
                <gco:CharacterString>Department of Environment and Science</gco:CharacterString>
            </organisationName>
            <positionName>
                <gco:CharacterString>QSpatial Support</gco:CharacterString>
            </positionName>
            <contactInfo>
                <CI_Contact>
                    <phone>
                        <CI_Telephone>
                            <voice>
                                <gco:CharacterString>61 7 32242272</gco:CharacterString>
                            </voice>
                        </CI_Telephone>
                    </phone>
                    <address>
                        <CI_Address>
                            <deliveryPoint>
                                <gco:CharacterString>Client Outcomes - Discovery</gco:CharacterString>
                            </deliveryPoint>
                            <city>
                                <gco:CharacterString>Brisbane</gco:CharacterString>
                            </city>
                            <administrativeArea>
                                <gco:CharacterString>QLD</gco:CharacterString>
                            </administrativeArea>
                            <postalCode>
                                <gco:CharacterString>4000</gco:CharacterString>
                            </postalCode>
                            <country>
                                <gco:CharacterString>Australia</gco:CharacterString>
                            </country>
                            <electronicMailAddress>
                                <gco:CharacterString>Discovery@dnrme.qld.gov.au</gco:CharacterString>
                            </electronicMailAddress>
                        </CI_Address>
                    </address>
                    
                </CI_Contact>
            </contactInfo>
            <role>
                <CI_RoleCode codeList="http://www.isotc211.org/2005/resources/Codelist/gmxCodelists.xml#CI_RoleCode" codeListValue="pointOfContact">pointOfContact</CI_RoleCode>
            </role>
        </CI_ResponsibleParty>
    </contact>
    <dateStamp>
        <gco:Date>2013-02-19</gco:Date>
    </dateStamp>
    <metadataStandardName>
        <gco:CharacterString>ISO 19115:2005, ANZLIC ISO 1.1</gco:CharacterString>
    </metadataStandardName>
    <metadataStandardVersion>
        <gco:CharacterString>QGIS</gco:CharacterString>
    </metadataStandardVersion>
    <referenceSystemInfo>
        <MD_ReferenceSystem id="coordRefSystem">
            <referenceSystemIdentifier>
                <RS_Identifier>
                    <authority>
                        <CI_Citation>
                            <title>
                                <gco:CharacterString>EPSG Geodetic Parameter
                                Dataset</gco:CharacterString>
                            </title>
                            <date>
                                <CI_Date>
                                    <date>
                                        <gco:Date>2007-07-16</gco:Date>
                                    </date>
                                    <dateType>
                                        <CI_DateTypeCode codeList="http://www.isotc211.org/2005/resources/Codelist/gmxCodelists.xml#CI_DateTypeCode" codeListValue="revision">revision </CI_DateTypeCode>
                                    </dateType>
                                </CI_Date>
                            </date>
                            <edition>
                                <gco:CharacterString>Version 6.13</gco:CharacterString>
                            </edition>
                        </CI_Citation>
                    </authority>
                    <code>
                        <gco:CharacterString>EPSG:4939</gco:CharacterString>
                    </code>
                </RS_Identifier>
            </referenceSystemIdentifier>
        </MD_ReferenceSystem>
    </referenceSystemInfo>
    
    
    
    <identificationInfo>
        <MD_DataIdentification>
            <citation>
                <CI_Citation>
                    <title>
                        <gco:CharacterString>Foliage projective cover 2011 - Hughenden</gco:CharacterString>
                    </title>
                    <alternateTitle>
                        <gco:CharacterString>IMG_FPC_2011_HUGH.zip</gco:CharacterString>
                    </alternateTitle>
                    <date>
                        <CI_Date>
                            <date>
                                <gco:Date>2013-01-16</gco:Date>
                            </date>
                            <dateType>
                                <CI_DateTypeCode codeList="http://www.isotc211.org/2005/resources/Codelist/gmxCodelists.xml#CI_DateTypeCode" codeListValue="publication"/>
                            </dateType>
                        </CI_Date>
                    </date>
                    
                    
                    
                    <citedResponsibleParty>
                        <CI_ResponsibleParty id="resourceCustodian">
                            <organisationName>
                                <gco:CharacterString>Department of Environment and Science</gco:CharacterString>
                            </organisationName>
                            <positionName>
                                <gco:CharacterString>Assistant Director-General, Science Delivery</gco:CharacterString>
                            </positionName>
                            <contactInfo>
                                <CI_Contact>
                                                                
                                </CI_Contact>
                            </contactInfo>
                            <role>
                                <CI_RoleCode codeList="http://www.isotc211.org/2005/resources/Codelist/gmxCodelists.xml#CI_RoleCode" codeListValue="custodian">custodian</CI_RoleCode>
                            </role>
                        </CI_ResponsibleParty>
                    </citedResponsibleParty>
                    <citedResponsibleParty>
                        <CI_ResponsibleParty id="resourceOwner">
                            <organisationName>
                                <gco:CharacterString>Department of Environment and Science</gco:CharacterString>
                            </organisationName>
                            <positionName>
                                <gco:CharacterString>Assistant Director-General, Science Delivery</gco:CharacterString>
                            </positionName>
                            <role>
                                <CI_RoleCode codeList="http://www.isotc211.org/2005/resources/Codelist/gmxCodelists.xml#CI_RoleCode" codeListValue="owner">owner</CI_RoleCode>
                            </role>
                        </CI_ResponsibleParty>
                    </citedResponsibleParty>
                    
                    
                    
                    
                    
                </CI_Citation>
            </citation>


            <abstract>
                <gco:CharacterString>Foliage Projective Cover (FPC) is the percentage of ground area occupied by the vertical projection of foliage. The Remote Sensing Centre FPC mapping is based on an automated decision tree classification technique applied to dry season (May to October) Landsat 5 TM imagery for the period 1986-2011. The product has a nominal accuracy of 85%. The field data used to calibrate the imagery/FPC relationship was mostly collected over the period 1996-1999. Additional corrections were also applied to the final product to remove errors due to topographic effects, cloud, cloud shadow, water, cropping, regrowth and wooded vegetation clearing. Some errors may remain. This product has more precise FPC predictions than previous versions. The analysis has been completed on each of 90 satellite scenes. While some land cover change may be detected in the FPC processing, this product is not designed to generate clearing layers, and cannot be used to assess clearing or be compared with previous years for change monitoring. The Statewide Landcover and Trees Study (SLATS) produces accurate clearing layers for this purpose. Description: FPC is the percentage of ground area occupied by the vertical projection of foliage. FPC Image (lztmre_hugh_e8811_chtm4.img). Image value = FPC 100 (i.e. FPC of 5% = image value of 105). The pixel values in this data set represent the predicted Foliage Projective Cover (FPC) values. Range is 100-200 which is equivalent to 0-100% FPC. Values erroneously predicted above 100% or below 0% have been classed as 200 and 100 respectively. Zero values indicate null data. A number of datasets have been used to mask out certain features from the FPC dataset: - Cropping and plantation areas have been masked using the 1999 Queensland Land Use Mapping Program (QLUMP) dataset (https://www.qld.gov.au/environment/land/vegetation/mapping/qlump/). - A Landsat-derived water index was used to mask water bodies from each individual FPC image (Danaher and Collett 2006). An additional mask is applied for areas with persistent inundation based on multi-temporal analysis of the water index. - A topographic correction based on the 1 second SRTM derived Digital Surface Model, Version 1.0, was applied to misclassified steep east-facing slopes. The SRTM data consisted of a DEM and slope layer as processed by Geosciences Australia.</gco:CharacterString>
            </abstract>
            
            <status>
                <MD_ProgressCode codeList="http://www.isotc211.org/2005/resources/Codelist/gmxCodelists.xml#MD_ProgressCode" codeListValue="completed">completed</MD_ProgressCode>
            </status>
            <pointOfContact>
                <CI_ResponsibleParty>
                    <organisationName>
                        <gco:CharacterString>Department of Environment and Science</gco:CharacterString>
                    </organisationName>
                    <positionName>
                        <gco:CharacterString>Principal Scientist (Remote Sensing)</gco:CharacterString>
                    </positionName>
                    <contactInfo>
                        <CI_Contact>
                            <phone>
                                <CI_Telephone>
                                    <voice>
                                        <gco:CharacterString>61 7 3330 4440</gco:CharacterString>
                                    </voice>
                                </CI_Telephone>
                            </phone>
                            <address>
                                <CI_Address>
                                    
                                    
                                    
                                    
                                    
                                    <electronicMailAddress>
                                        <gco:CharacterString>Discovery@dnrme.qld.gov.au</gco:CharacterString>
                                    </electronicMailAddress>
                                </CI_Address>
                            </address>
                                                        
                        </CI_Contact>
                    </contactInfo>
                    <role>
                        <CI_RoleCode codeList="http://www.isotc211.org/2005/resources/Codelist/gmxCodelists.xml#CI_RoleCode" codeListValue="pointOfContact"/>
                    </role>
                </CI_ResponsibleParty>
            </pointOfContact>
            <resourceMaintenance>
                <MD_MaintenanceInformation>
                    <maintenanceAndUpdateFrequency>
                        <MD_MaintenanceFrequencyCode codeList="http://www.isotc211.org/2005/resources/Codelist/gmxCodelists.xml#MD_MaintenanceFrequencyCode" codeListValue="notPlanned"/>
                    </maintenanceAndUpdateFrequency>
                    
                </MD_MaintenanceInformation>
            </resourceMaintenance>
            
            <resourceFormat>
                <MD_Format>
                    <name>
                        <gco:CharacterString>Spatial Data Format</gco:CharacterString>
                    </name>
                    <version>
                        <gco:CharacterString>1</gco:CharacterString>
                    </version>
                </MD_Format>
            </resourceFormat>
            <descriptiveKeywords>
                <MD_Keywords id="ThemeAnzlicThesaurus">
                    <keyword>
                        <gco:CharacterString>VEGETATION</gco:CharacterString>
                    </keyword>
                    <type>
                        <MD_KeywordTypeCode codeList="http://www.isotc211.org/2005/resources/Codelist/gmxCodelists.xml#MD_KeywordTypeCode" codeListValue="theme">theme</MD_KeywordTypeCode>
                    </type>
                    <thesaurusName>
                        <CI_Citation>
                            <title>
                                <gco:CharacterString>ANZLIC Search Words</gco:CharacterString>
                            </title>
                            <date>
                                <CI_Date>
                                    <date gco:nilReason="unknown"/>
                                    <dateType>
                                        <CI_DateTypeCode codeList="http://www.isotc211.org/2005/resources/Codelist/gmxCodelists.xml#CI_DateTypeCode" codeListValue="publication">publication</CI_DateTypeCode>
                                    </dateType>
                                </CI_Date>
                            </date>
                        </CI_Citation>
                    </thesaurusName>
                </MD_Keywords>
            </descriptiveKeywords>
            
            
            
            <resourceConstraints>
                <MD_SecurityConstraints>
                    
                    <classification>
                        <MD_ClassificationCode codeList="http://www.isotc211.org/2005/resources/Codelist/gmxCodelists.xml#MD_ClassificationCode" codeListValue="unclassified">unclassified</MD_ClassificationCode>
                    </classification>
                    <classificationSystem>
                        <gco:CharacterString>Resource Access Level</gco:CharacterString>
                    </classificationSystem>
                </MD_SecurityConstraints>
            </resourceConstraints>
            <resourceConstraints>
                <MD_LegalConstraints>
                    <useLimitation>
                        <gco:CharacterString>&amp;copy; State of Queensland (Department of Environment and Science) 2020</gco:CharacterString>
                    </useLimitation>
                    <useConstraints>
                        <MD_RestrictionCode codeList="http://www.isotc211.org/2005/resources/Codelist/gmxCodelists.xml#MD_RestrictionCode" codeListValue="copyright">copyright</MD_RestrictionCode>
                    </useConstraints>
                </MD_LegalConstraints>
            </resourceConstraints>
            <resourceConstraints>
                <MD_LegalConstraints>
                    <useLimitation>
                        <gco:CharacterString>This material is licensed under a &lt;a rel="license" href="http://creativecommons.org/licenses/by/4.0/"&gt;Creative Commons - Attribution 3.0 Australia&lt;/a&gt; licence.&lt;br /&gt; &lt;a rel="license" href="http://creativecommons.org/licenses/by/4.0/"&gt;&lt;img alt="Creative Commons License" title="Creative Commons - Attribution 3.0 Australia License" style="border: 0;" src="https://licensebuttons.net/l/by/4.0/88x31.png" /&gt;&lt;/a&gt;&lt;br /&gt; The Department of Environment and Science requests attribution in the following manner:&lt;br /&gt; &amp;copy State of Queensland (Department of Environment and Science) 2020.</gco:CharacterString>
                    </useLimitation>
                    <useConstraints>
                        <MD_RestrictionCode codeList="http://www.isotc211.org/2005/resources/Codelist/gmxCodelists.xml#MD_RestrictionCode" codeListValue="license">license</MD_RestrictionCode>
                    </useConstraints>
                </MD_LegalConstraints>
            </resourceConstraints>
            
            
            
            
            
            <spatialRepresentationType>
                <MD_SpatialRepresentationTypeCode codeList="http://www.isotc211.org/2005/resources/Codelist/gmxCodelists.xml#MD_SpatialRepresentationTypeCode" codeListValue="grid">grid</MD_SpatialRepresentationTypeCode>
            </spatialRepresentationType>
            <spatialResolution>
                <MD_Resolution>
                    
                    <distance>
                        <gco:Distance uom="meters">25</gco:Distance>
                    </distance>
                </MD_Resolution>
            </spatialResolution>
            <language>
                <gco:CharacterString>eng</gco:CharacterString>
            </language>
            <characterSet gco:nilReason="unknown"/>
            <topicCategory>
                <MD_TopicCategoryCode>environment</MD_TopicCategoryCode>
            </topicCategory>
            <environmentDescription>
                <gco:CharacterString>Directory</gco:CharacterString>
            </environmentDescription>
            <extent>
                <EX_Extent>
                    <geographicElement>
                        <EX_GeographicBoundingBox>
                            <westBoundLongitude>
                                <gco:Decimal>145.455643</gco:Decimal>
                            </westBoundLongitude>
                            <eastBoundLongitude>
                                <gco:Decimal>147.290093</gco:Decimal>
                            </eastBoundLongitude>
                            <southBoundLatitude>
                                <gco:Decimal>-24.868491</gco:Decimal>
                            </southBoundLatitude>
                            <northBoundLatitude>
                                <gco:Decimal>-23.198674</gco:Decimal>
                            </northBoundLatitude>
                        </EX_GeographicBoundingBox>
                    </geographicElement>
                    
                    
                    <temporalElement>
                        <EX_TemporalExtent>
                            <extent>
                                <gml:TimePeriod frame="#ISO-8601" gml:id="timePeriod1">
                                    <gml:beginPosition>1988</gml:beginPosition>
                                    <gml:endPosition>2011</gml:endPosition>
                                </gml:TimePeriod>
                            </extent>
                        </EX_TemporalExtent>
                    </temporalElement>
                </EX_Extent>
            </extent>
            
        </MD_DataIdentification>
    </identificationInfo>
    <distributionInfo>
        <MD_Distribution>
            <distributionFormat>
                <MD_Format id="DownloadService">
                    <name>
                        <gco:CharacterString>Queensland Spatial Catalogue</gco:CharacterString>
                    </name>
                    <version gco:nilReason="inapplicable"/>
                    <specification>
                        <gco:CharacterString>Download Service</gco:CharacterString>
                    </specification>
                    <formatDistributor>
                        <MD_Distributor>
                            <distributorContact>
                                <CI_ResponsibleParty>
                                    <organisationName>
                                        <gco:CharacterString>Department of Environment and Science</gco:CharacterString>
                                    </organisationName>
                                    <role>
                                        <CI_RoleCode codeList="http://www.isotc211.org/2005/resources/Codelist/gmxCodelists.xml#CI_RoleCode" codeListValue="resourceProvider">resourceProvider</CI_RoleCode>
                                    </role>
                                </CI_ResponsibleParty>
                            </distributorContact>
                            <distributionOrderProcess>
                                <MD_StandardOrderProcess>
                                    <fees>
                                        <gco:CharacterString>9311662202574</gco:CharacterString>
                                    </fees>
                                    <orderingInstructions>
                                        <gco:CharacterString>This data is available From Queensland Spatial Catalogue web site.</gco:CharacterString>
                                    </orderingInstructions>
                                </MD_StandardOrderProcess>
                            </distributionOrderProcess>
                            <distributorTransferOptions>
                                <MD_DigitalTransferOptions>
                                    <onLine>
                                        <CI_OnlineResource id="dns1">
                                            <linkage>
                                                <URL>http://qldspatial.information.qld.gov.au/catalogue//</URL>
                                            </linkage>
                                        </CI_OnlineResource>
                                    </onLine>
                                </MD_DigitalTransferOptions>
                            </distributorTransferOptions>
                        </MD_Distributor>
                    </formatDistributor>
                </MD_Format>
            </distributionFormat>
            
            
            <distributionFormat>
                <MD_Format id="GptBehaviour">
                    <name>
                        <gco:CharacterString>downloadableData</gco:CharacterString>
                    </name>
                    <version>
                        <gco:CharacterString>10.0</gco:CharacterString>
                    </version>
                    <specification>
                        <gco:CharacterString>ESRI ArcGIS Server Geoportal Extension Content Type</gco:CharacterString>
                    </specification>
                </MD_Format>
            </distributionFormat>
            <distributor>
                <MD_Distributor id="distributorContact1">
                    <distributorContact>
                        <CI_ResponsibleParty>
                            <organisationName>
                                <gco:CharacterString>Department of Environment and Science</gco:CharacterString>
                            </organisationName>
                            <positionName>
                                <gco:CharacterString>opendata@dnrme.qld.gov.au</gco:CharacterString>
                            </positionName>
                            <role>
                                <CI_RoleCode codeList="http://www.isotc211.org/2005/resources/Codelist/gmxCodelists.xml#CI_RoleCode" codeListValue="distributor">distributor</CI_RoleCode>
                            </role>
                        </CI_ResponsibleParty>
                    </distributorContact>
                    
                    <distributorFormat>
                        <MD_Format>
                            <name>
                                <gco:CharacterString>From Queensland Spatial Catalogue available as RASTER image.</gco:CharacterString>
                            </name>
                            <version gco:nilReason="inapplicable"/>
                        </MD_Format>
                    </distributorFormat>
                    <distributorTransferOptions>
                        <MD_DigitalTransferOptions>
                            <transferSize>
                                <gco:Real>35</gco:Real>
                            </transferSize>
                            <onLine>
                                <CI_OnlineResource>
                                    <linkage>
                                        <URL>http://qldspatial.information.qld.gov.au/catalogue/custom/search.page?q=%22Foliage projective cover 2011 - Hughenden%22</URL>
                                    </linkage>
                                </CI_OnlineResource>
                            </onLine>
                            
                        </MD_DigitalTransferOptions>
                    </distributorTransferOptions>
                </MD_Distributor>
            </distributor>
            <transferOptions>
                <MD_DigitalTransferOptions id="download">
                    <onLine>
                        <CI_OnlineResource>
                            <linkage>
                                <URL/>
                            </linkage>
                            <function>
                                <CI_OnLineFunctionCode codeList="http://www.isotc211.org/2005/resources/Codelist/gmxCodelists.xml#CI_OnLineFunctionCode" codeListValue="download">download</CI_OnLineFunctionCode>
                            </function>
                        </CI_OnlineResource>
                    </onLine>
                </MD_DigitalTransferOptions>
            </transferOptions>
        </MD_Distribution>
    </distributionInfo>
    <dataQualityInfo>
        <DQ_DataQuality>
            <scope>
                <DQ_Scope>
                    <level>
                        <MD_ScopeCode codeList="http://www.isotc211.org/2005/resources/Codelist/gmxCodelists.xml#MD_ScopeCode" codeListValue="dataset">dataset</MD_ScopeCode>
                    </level>
                    
                </DQ_Scope>
            </scope>
            
            <report>
                <DQ_ConceptualConsistency>
                    <result>
                        <DQ_ConformanceResult>
                            <specification gco:nilReason="missing"/>
                            <explanation>
                                <gco:CharacterString>All areas masked as wooded have been attributed with an FPC value.</gco:CharacterString>
                            </explanation>
                            <pass gco:nilReason="inapplicable"/>
                        </DQ_ConformanceResult>
                    </result>
                </DQ_ConceptualConsistency>
            </report>
            <report>
                <DQ_AbsoluteExternalPositionalAccuracy>
                    <result>
                        <DQ_ConformanceResult>
                            <specification gco:nilReason="missing"/>
                            <explanation>
                                <gco:CharacterString>All the data described here has been generated from the analysis of Landsat Thematic Mapper (TM) data, which has a resampled spatial resolution of 25m. The imagery is rectified using control points measured with a differential GPS ensuring a maximum root mean square (RMS) error of 20 metres at these control points. However, it is possible that errors up to /-50 meters occur between these control points. The imagery has been corrected for height displacement using a digital elevation model (DEM) from the Shuttle Radar. It is not recommended that these data sets be used at scales more detailed than 1:100,000.</gco:CharacterString>
                            </explanation>
                            <pass gco:nilReason="inapplicable"/>
                        </DQ_ConformanceResult>
                    </result>
                </DQ_AbsoluteExternalPositionalAccuracy>
            </report>
            <report>
                <DQ_NonQuantitativeAttributeAccuracy>
                    <result>
                        <DQ_ConformanceResult>
                            <specification gco:nilReason="missing"/>
                            <explanation>
                                <gco:CharacterString>The final wooded extent classification model had a Kappa statistic of 85.12%. Comparison of overstorey FPC estimates with independent field estimates of perennial FPC acquired for a range of vegetation types over Queensland, show very good agreement (r2=0.84). Further independent quantitative validation of the final FPC product showed good agreement with field sites (r2 0.78) and lidar data (r2 0.93) estimates of FPC (Kitchen et al., 2010).Limitations The following is a list of known limitations of the data. Other errors may occur in the data which are due to unknown effects.Regrowth - Some regrowth areas have been classified as non-woody, due to multiple clearing/regrowth events in the time series causing a low robust minimum and high standard error. - Some areas of green flush or crop have been incorrectly classified as wooded regrowth due to the difficulty in separating woody and herbaceous cover in the time-series data. - Some areas of regrowth vegetation may be missed due to the area being classified as crop (based on the 1999 QLUMP crop mask) when the land use has since changed.Clearing - Some recent vegetation clearing will be classified as wooded due to higher than expected FPC observations resulting in a lower standard error and higher robust minimum FPC. Causes could be regrowth and/or green pasture cover present after the clearing event, or the presence of green foliage on trees that have been pushed over and left. This product is not designed to be a clearing map, and cannot be used to assess clearing or be used for change monitoring. SLATS produces accurate clearing layers for this purpose.Water - Some low tide areas with mud flats may be incorrectly classified as non-wooded or wooded instead of water based on the timing of the image acquisition and tidal movements. - Areas around water courses and dams may be overclassified as water for the specific year due to the frequency of high water course heights or long periods in history of full dams. - Some areas of shallow water or water with floating vegetation may be incorrectly classified as wooded as they have not been removed by the water mask and have spectral properties which may be similar to wooded vegetation.Crops and Pastures - Cropping may be incorrectly classified as wooded if it is a new crop (i.e. has been created after the 1999 crop mask) and has similar spectral characteristics to natural regrowth. - When tree crops (horticulture) are included in the crop mask as cropping, they will not be mapped as wooded. - Some areas of crop are still erroneously classified as wooded where the Landsat time series is not representative of the cropping cycle. - Areas of improved pasture may be incorrectly classified as wooded due to the consistently green nature of the pastures (the most significant area is in the Atherton Tablelands).Topographic Effects - Steep west-facing slopes may have underestimated FPC values due to shadow effects. Conversely, steep east-facing slopes may be misclassified as non-wooded due to the sun angle variation between imagery dates. - Very steep and precipitous west-facing slopes are classified as null due to persistent shadowing in the time-series of imagery. i.e. Glasshouse Mountains - East-facing slopes on sand dunes in western Queensland may be incorrectly classified as wooded due to the persistent bright reflectance in the time-series of the imagery. This is a result of incident sun angle effects at the time of image acquisition.Other - In areas where there is persistent cloud contamination, such as the Cape York Peninsula region, an FPC prediction cannot be calculated. These areas are then substituted with an FPC value from the most recent image date without cloud contamination. - Areas of Triodia spp. (spinifex) may be classified as wooded or have overestimated FPC due to the presence of perennially green understorey foliage. - Areas of fire scar may be incorrectly classified as cleared and subsequently show non-wooded or low wooded values as a result of the grass cover changing after the fire. - FPC values are more likely to be underestimated in sparse and very sparsely wooded areas such as mulga lands and in the channel country. This is attributed to a lower coverage of foliage and more bare ground beneath the vegetation, causing a greater variability in the time series statistics. - Some land use management practices can increase the variability of the FPC values over the time series and subsequently wooded regrowth areas can be misclassified as non-wooded. - New plantations or those misclassified in the 1999 plantation layer used, may have been incorrectly classified as non-wooded. The early growth stages of plantation areas may also be missed. Earlier versions of the FPC datasets are available for 2001 and 2004-2009. Please direct all requests to the contact person.</gco:CharacterString>
                            </explanation>
                            <pass gco:nilReason="inapplicable"/>
                        </DQ_ConformanceResult>
                    </result>
                </DQ_NonQuantitativeAttributeAccuracy>
            </report>
            
            
            
            
            <lineage>
                <LI_Lineage>
                    <statement>
                        <gco:CharacterString>The final wooded extent classification model had a Kappa statistic of 85.12%. Comparison of overstorey FPC estimates with independent field estimates of perennial FPC acquired for a range of vegetation types over Queensland, show very good agreement (r2=0.84). Further independent quantitative validation of the final FPC product showed good agreement with field sites (r2 0.78) and lidar data (r2 0.93) estimates of FPC (Kitchen et al., 2010).Source: Armston, J.D., Denham, R.J., Danaher, T.J., Scarth, P.F. and Moffiet, T., 2008, Prediction and validation of foliage projective cover from Landsat-5 TM and Landsat-7 ETM imagery for Queensland, Australia. Journal of Applied Remote Sensing, 3: 033540-28. Armston, J.D., Danaher, T.J., and Collett, L.J., 2004, A regression approach for mapping woody Foliage Projective Cover in Queensland with Landsat data. Proceedings of the 12th Australasian Remote Sensing and Photogrammetry Conference, Fremantle, Australia, October 2004. Danaher, TJ, Collett, L., 2006, Development, optimisation, and multi-temporal application of a simple Landsat based Water Index. Proceedings of the 13th Australasian Remote Sensing and Photogrammetry Conference, Canberra, Australia, November 2006. Danaher, T.J., 2002, An empirical BRDF correction for Landsat TM and ETM imagery. Proceedings of the 11th Australasian Remote Sensing and Photogrammetry Conference, Brisbane, Australia, September 2002. Kitchen, J., Armston, J., Clark, A., Danaher, T., and Scarth, P., 2010, Operational use of annual Landsat-5 TM and Landsat-7 ETM image time-series for mapping wooded extent and foliage projective cover in north-eastern Australia. Proceedings of the 15th Australasian Remote Sensing and Photogrammetry Conference, Alice Springs, Australia, 13 -17 September 2010.</gco:CharacterString>
                    </statement>
                    
                    <source>
                        <LI_Source>
                            <description>
                                <gco:CharacterString>Armston, J.D., Denham, R.J., Danaher, T.J., Scarth, P.F. and Moffiet, T., 2008, Prediction and validation of foliage projective cover from Landsat-5 TM and Landsat-7 ETM imagery for Queensland, Australia. Journal of Applied Remote Sensing, 3: 033540-28.Armston, J.D., Danaher, T.J., and Collett, L.J., 2004, A regression approach for mapping woody Foliage Projective Cover in Queensland with Landsat data. Proceedings of the 12th Australasian Remote Sensing and Photogrammetry Conference, Fremantle, Australia, October 2004.Danaher, TJ, Collett, L., 2006, Development, optimisation, and multi-temporal application of a simple Landsat based Water Index. Proceedings of the 13th Australasian Remote Sensing and Photogrammetry Conference, Canberra, Australia, November 2006.Danaher, T.J., 2002, An empirical BRDF correction for Landsat TM and ETM imagery. Proceedings of the 11th Australasian Remote Sensing and Photogrammetry Conference, Brisbane, Australia, September 2002.Kitchen, J., Armston, J., Clark, A., Danaher, T., and Scarth, P., 2010, Operational use of annual Landsat-5 TM and Landsat-7 ETM image time-series for mapping wooded extent and foliage projective cover in north-eastern Australia. Proceedings of the 15th Australasian Remote Sensing and Photogrammetry Conference, Alice Springs, Australia, 13 -17 September 2010.</gco:CharacterString>
                            </description>
                        </LI_Source>
                    </source>
                </LI_Lineage>
            </lineage>
        </DQ_DataQuality>
    </dataQualityInfo>
    <metadataConstraints>
        <MD_SecurityConstraints>
            <useLimitation>
                <gco:CharacterString>Public</gco:CharacterString>
            </useLimitation>
            <classification>
                <MD_ClassificationCode codeList="http://www.isotc211.org/2005/resources/Codelist/gmxCodelists.xml#MD_ClassificationCode" codeListValue="unclassified"/>
            </classification>
            <classificationSystem>
                <gco:CharacterString>Metadata Access Level</gco:CharacterString>
            </classificationSystem>
        </MD_SecurityConstraints>
    </metadataConstraints>
</MD_Metadata>