<?xml version="1.0" encoding="UTF-8" standalone="no"?>
<MD_Metadata xmlns="http://www.isotc211.org/2005/gmd" xmlns:gco="http://www.isotc211.org/2005/gco" xmlns:gmd="http://www.isotc211.org/2005/gmd" xmlns:gml="http://www.opengis.net/gml" xmlns:xlink="http://www.w3.org/1999/xlink" xmlns:xsi="http://www.w3.org/2001/XMLSchema-instance" xsi:schemaLocation="http://www.isotc211.org/2005/gmd http://www.isotc211.org/2005/gmd/gmd.xsd      http://www.opengis.net/gml http://www.isotc211.org/2005/gml/gml.xsd      http://www.w3.org/1999/xlink http://www.isotc211.org/2005/xlink/xlinks.xsd">
    <fileIdentifier>
        <gco:CharacterString>{AD8AFCC5-333E-4920-9362-9AD582572F43}</gco:CharacterString>
    </fileIdentifier>
    <language>
        <gco:CharacterString>eng</gco:CharacterString>
    </language>
    <characterSet>
        <MD_CharacterSetCode codeList="http://www.isotc211.org/2005/resources/Codelist/gmxCodelists.xml#MD_CharacterSetCode" codeListValue="utf8"/>
    </characterSet>
    <parentIdentifier>
        <gco:CharacterString>{A1193985-8B0F-4A5B-BE79-1F990DF624B9}</gco:CharacterString>
    </parentIdentifier>
    <hierarchyLevel>
        <MD_ScopeCode codeList="http://www.isotc211.org/2005/resources/Codelist/gmxCodelists.xml#MD_ScopeCode" codeListValue="dataset">dataset</MD_ScopeCode>
    </hierarchyLevel>
    
    <contact>
        <CI_ResponsibleParty id="metadataContact">
            <organisationName>
                <gco:CharacterString>Department of Environment and Science</gco:CharacterString>
            </organisationName>
            <positionName>
                <gco:CharacterString>Principal Scientist, Remote Sensing Centre</gco:CharacterString>
            </positionName>
            <contactInfo>
                <CI_Contact>
                    <phone>
                        <CI_Telephone>
                            <voice>
                                <gco:CharacterString>61 7 3170 5664</gco:CharacterString>
                            </voice>
                        </CI_Telephone>
                    </phone>
                    <address>
                        <CI_Address>
                            
                            
                            
                            
                            
                            <electronicMailAddress>
                                <gco:CharacterString>Craig.Shephard@des.qld.gov.au</gco:CharacterString>
                            </electronicMailAddress>
                        </CI_Address>
                    </address>
                    
                </CI_Contact>
            </contactInfo>
            <role>
                <CI_RoleCode codeList="http://www.isotc211.org/2005/resources/Codelist/gmxCodelists.xml#CI_RoleCode" codeListValue="pointOfContact">pointOfContact</CI_RoleCode>
            </role>
        </CI_ResponsibleParty>
    </contact>
    <dateStamp>
        <gco:Date>2014-05-26</gco:Date>
    </dateStamp>
    <metadataStandardName>
        <gco:CharacterString>ISO 19115:2005, ANZLIC ISO 1.1</gco:CharacterString>
    </metadataStandardName>
    <metadataStandardVersion>
        <gco:CharacterString>QGIS</gco:CharacterString>
    </metadataStandardVersion>
    <referenceSystemInfo>
        <MD_ReferenceSystem id="coordRefSystem">
            <referenceSystemIdentifier>
                <RS_Identifier>
                    <authority>
                        <CI_Citation>
                            <title>
                                <gco:CharacterString>EPSG Geodetic Parameter
                                Dataset</gco:CharacterString>
                            </title>
                            <date>
                                <CI_Date>
                                    <date>
                                        <gco:Date>2007-07-16</gco:Date>
                                    </date>
                                    <dateType>
                                        <CI_DateTypeCode codeList="http://www.isotc211.org/2005/resources/Codelist/gmxCodelists.xml#CI_DateTypeCode" codeListValue="revision">revision </CI_DateTypeCode>
                                    </dateType>
                                </CI_Date>
                            </date>
                            <edition>
                                <gco:CharacterString>Version 6.13</gco:CharacterString>
                            </edition>
                        </CI_Citation>
                    </authority>
                    <code>
                        <gco:CharacterString>EPSG:4283</gco:CharacterString>
                    </code>
                </RS_Identifier>
            </referenceSystemIdentifier>
        </MD_ReferenceSystem>
    </referenceSystemInfo>
    <referenceSystemInfo>
        <MD_ReferenceSystem id="projection">
            <referenceSystemIdentifier>
                <RS_Identifier>
                    <authority gco:nilReason="unknown"/>
                    <code>
                        <gco:CharacterString>Albers Conical Equal Area</gco:CharacterString>
                    </code>
                    <codeSpace>
                        <gco:CharacterString>Projection</gco:CharacterString>
                    </codeSpace>
                </RS_Identifier>
            </referenceSystemIdentifier>
        </MD_ReferenceSystem>
    </referenceSystemInfo>
    
    
    <identificationInfo>
        <MD_DataIdentification>
            <citation>
                <CI_Citation>
                    <title>
                        <gco:CharacterString>Land use mapping - 1999 to 2012 - Stanley River catchment</gco:CharacterString>
                    </title>
                    <alternateTitle>
                        <gco:CharacterString>DP_STANLEY_LANDUSE_2012.zip</gco:CharacterString>
                    </alternateTitle>
                    <date>
                        <CI_Date>
                            <date>
                                <gco:Date>2014-05-26</gco:Date>
                            </date>
                            <dateType>
                                <CI_DateTypeCode codeList="http://www.isotc211.org/2005/resources/Codelist/gmxCodelists.xml#CI_DateTypeCode" codeListValue="publication"/>
                            </dateType>
                        </CI_Date>
                    </date>
                    
                    
                    
                    <citedResponsibleParty>
                        <CI_ResponsibleParty id="resourceCustodian">
                            <organisationName>
                                <gco:CharacterString>Department of Environment and Science</gco:CharacterString>
                            </organisationName>
                            <positionName>
                                <gco:CharacterString>Assistant Director-General, Science Division</gco:CharacterString>
                            </positionName>
                            <contactInfo>
                                <CI_Contact>
                                    <onlineResource>
                                        <CI_OnlineResource>
                                            <linkage>
                                                <URL>http://www.qld.gov.au/environment/land/vegetation/mapping/qlump</URL>
                                            </linkage>
                                        </CI_OnlineResource>
                                    </onlineResource>                            
                                </CI_Contact>
                            </contactInfo>
                            <role>
                                <CI_RoleCode codeList="http://www.isotc211.org/2005/resources/Codelist/gmxCodelists.xml#CI_RoleCode" codeListValue="custodian">custodian</CI_RoleCode>
                            </role>
                        </CI_ResponsibleParty>
                    </citedResponsibleParty>
                    <citedResponsibleParty>
                        <CI_ResponsibleParty id="resourceOwner">
                            <organisationName>
                                <gco:CharacterString>Department of Environment and Science</gco:CharacterString>
                            </organisationName>
                            <positionName>
                                <gco:CharacterString>Assistant Director-General, Science Division</gco:CharacterString>
                            </positionName>
                            <role>
                                <CI_RoleCode codeList="http://www.isotc211.org/2005/resources/Codelist/gmxCodelists.xml#CI_RoleCode" codeListValue="owner">owner</CI_RoleCode>
                            </role>
                        </CI_ResponsibleParty>
                    </citedResponsibleParty>
                    
                    
                    
                    
                    
                </CI_Citation>
            </citation>


            <abstract>
                <gco:CharacterString>This dataset is a digital land use map of the Stanley River sub-catchment, Queensland. As nearly as possible it shows land use in 2012. Updated land use datasets for 1999 and 2006, and land use change layers for 1999 - 2012, 1999 - 2006 and 2006 - 2012 are also available with this data package. The dataset is a product of the Queensland Land Use Mapping Program (QLUMP) and was produced by the Queensland Government. The dataset comprises an ESRI vector geodatabase at a nominal scale of 1:50,000. See additional information also.</gco:CharacterString>
            </abstract>
            <purpose>
                <gco:CharacterString>Indicates the primary use or management objective of the land for the region in 2012, 2006 and 1999. Land use change for each of the eras (1999-2012, 1999-2006, 2006-2012) are also provided.</gco:CharacterString>
            </purpose>
            <status>
                <MD_ProgressCode codeList="http://www.isotc211.org/2005/resources/Codelist/gmxCodelists.xml#MD_ProgressCode" codeListValue="completed">completed</MD_ProgressCode>
            </status>
            <pointOfContact>
                <CI_ResponsibleParty>
                    <organisationName>
                        <gco:CharacterString>Department of Environment and Science</gco:CharacterString>
                    </organisationName>
                    <positionName>
                        <gco:CharacterString>Principal Scientist, Remote Sensing Centre</gco:CharacterString>
                    </positionName>
                    <contactInfo>
                        <CI_Contact>
                            <phone>
                                <CI_Telephone>
                                    <voice>
                                        <gco:CharacterString>61 7 3170 5664</gco:CharacterString>
                                    </voice>
                                </CI_Telephone>
                            </phone>
                            <address>
                                <CI_Address>
                                    
                                    
                                    
                                    
                                    
                                    <electronicMailAddress>
                                        <gco:CharacterString>Craig.Shephard@des.qld.gov.au</gco:CharacterString>
                                    </electronicMailAddress>
                                </CI_Address>
                            </address>
                                                        
                        </CI_Contact>
                    </contactInfo>
                    <role>
                        <CI_RoleCode codeList="http://www.isotc211.org/2005/resources/Codelist/gmxCodelists.xml#CI_RoleCode" codeListValue="pointOfContact"/>
                    </role>
                </CI_ResponsibleParty>
            </pointOfContact>
            <resourceMaintenance>
                <MD_MaintenanceInformation>
                    <maintenanceAndUpdateFrequency>
                        <MD_MaintenanceFrequencyCode codeList="http://www.isotc211.org/2005/resources/Codelist/gmxCodelists.xml#MD_MaintenanceFrequencyCode" codeListValue="notPlanned"/>
                    </maintenanceAndUpdateFrequency>
                    
                </MD_MaintenanceInformation>
            </resourceMaintenance>
            
            <resourceFormat>
                <MD_Format>
                    <name>
                        <gco:CharacterString>Spatial Data Format</gco:CharacterString>
                    </name>
                    <version>
                        <gco:CharacterString>1</gco:CharacterString>
                    </version>
                </MD_Format>
            </resourceFormat>
            <descriptiveKeywords>
                <MD_Keywords id="ThemeAnzlicThesaurus">
                    <keyword>
                        <gco:CharacterString>LAND-Use</gco:CharacterString>
                    </keyword>
                    <type>
                        <MD_KeywordTypeCode codeList="http://www.isotc211.org/2005/resources/Codelist/gmxCodelists.xml#MD_KeywordTypeCode" codeListValue="theme">theme</MD_KeywordTypeCode>
                    </type>
                    <thesaurusName>
                        <CI_Citation>
                            <title>
                                <gco:CharacterString>ANZLIC Search Words</gco:CharacterString>
                            </title>
                            <date>
                                <CI_Date>
                                    <date gco:nilReason="unknown"/>
                                    <dateType>
                                        <CI_DateTypeCode codeList="http://www.isotc211.org/2005/resources/Codelist/gmxCodelists.xml#CI_DateTypeCode" codeListValue="publication">publication</CI_DateTypeCode>
                                    </dateType>
                                </CI_Date>
                            </date>
                        </CI_Citation>
                    </thesaurusName>
                </MD_Keywords>
            </descriptiveKeywords>
            <descriptiveKeywords>
                <MD_Keywords id="ThemeOpenDataThesaurus">
                    <keyword>
                        <gco:CharacterString>Sciences</gco:CharacterString>
                    </keyword>
                    <type>
                        <MD_KeywordTypeCode codeList="http://www.isotc211.org/2005/resources/Codelist/gmxCodelists.xml#MD_KeywordTypeCode" codeListValue="theme">theme</MD_KeywordTypeCode>
                    </type>
                    <thesaurusName>
                        <CI_Citation>
                            <title>
                                <gco:CharacterString>Queensland Open Data Categories</gco:CharacterString>
                            </title>
                            <date>
                                <CI_Date>
                                    <date gco:nilReason="unknown"/>
                                    <dateType>
                                        <CI_DateTypeCode codeList="http://www.isotc211.org/2005/resources/Codelist/gmxCodelists.xml#CI_DateTypeCode" codeListValue="publication">publication</CI_DateTypeCode>
                                    </dateType>
                                </CI_Date>
                            </date>
                        </CI_Citation>
                    </thesaurusName>
                </MD_Keywords>
            </descriptiveKeywords>
            
            
            <resourceConstraints>
                <MD_SecurityConstraints>
                    
                    <classification>
                        <MD_ClassificationCode codeList="http://www.isotc211.org/2005/resources/Codelist/gmxCodelists.xml#MD_ClassificationCode" codeListValue="unclassified">unclassified</MD_ClassificationCode>
                    </classification>
                    <classificationSystem>
                        <gco:CharacterString>Resource Access Level</gco:CharacterString>
                    </classificationSystem>
                </MD_SecurityConstraints>
            </resourceConstraints>
            <resourceConstraints>
                <MD_LegalConstraints>
                    <useLimitation>
                        <gco:CharacterString>&amp;copy State of Queensland (Department of Environment and Science) 2020</gco:CharacterString>
                    </useLimitation>
                    <useConstraints>
                        <MD_RestrictionCode codeList="http://www.isotc211.org/2005/resources/Codelist/gmxCodelists.xml#MD_RestrictionCode" codeListValue="copyright">copyright</MD_RestrictionCode>
                    </useConstraints>
                </MD_LegalConstraints>
            </resourceConstraints>
            <resourceConstraints>
                <MD_LegalConstraints>
                    <useLimitation>
                        <gco:CharacterString>This material is licensed under a &lt;a rel="license" href="http://creativecommons.org/licenses/by/4.0/"&gt;Creative Commons - Attribution 3.0 Australia&lt;/a&gt; licence.&lt;br /&gt; &lt;a rel="license" href="http://creativecommons.org/licenses/by/4.0/"&gt;&lt;img alt="Creative Commons License" title="Creative Commons - Attribution 3.0 Australia License" style="border: 0;" src="https://licensebuttons.net/l/by/4.0/88x31.png" /&gt;&lt;/a&gt;&lt;br /&gt; The Department of Environment and Science requests attribution in the following manner:&lt;br /&gt; &amp;copy State of Queensland (Department of Environment and Science) 2020.</gco:CharacterString>
                    </useLimitation>
                    <useConstraints>
                        <MD_RestrictionCode codeList="http://www.isotc211.org/2005/resources/Codelist/gmxCodelists.xml#MD_RestrictionCode" codeListValue="license">license</MD_RestrictionCode>
                    </useConstraints>
                </MD_LegalConstraints>
            </resourceConstraints>
            
            
            
            
            
            <spatialRepresentationType>
                <MD_SpatialRepresentationTypeCode codeList="http://www.isotc211.org/2005/resources/Codelist/gmxCodelists.xml#MD_SpatialRepresentationTypeCode" codeListValue="vector">vector</MD_SpatialRepresentationTypeCode>
            </spatialRepresentationType>
            <spatialResolution>
                <MD_Resolution>
                    <equivalentScale>
                        <MD_RepresentativeFraction>
                            <denominator>
                                <gco:Integer>50000</gco:Integer>
                            </denominator>
                        </MD_RepresentativeFraction>
                    </equivalentScale>
                    
                </MD_Resolution>
            </spatialResolution>
            <language>
                <gco:CharacterString>eng</gco:CharacterString>
            </language>
            <characterSet gco:nilReason="unknown"/>
            <topicCategory>
                <MD_TopicCategoryCode>planningCadastre</MD_TopicCategoryCode>
            </topicCategory>
            <environmentDescription>
                <gco:CharacterString>Directory</gco:CharacterString>
            </environmentDescription>
            <extent>
                <EX_Extent>
                    <geographicElement>
                        <EX_GeographicBoundingBox>
                            <westBoundLongitude>
                                <gco:Decimal>152</gco:Decimal>
                            </westBoundLongitude>
                            <eastBoundLongitude>
                                <gco:Decimal>152</gco:Decimal>
                            </eastBoundLongitude>
                            <southBoundLatitude>
                                <gco:Decimal>-27</gco:Decimal>
                            </southBoundLatitude>
                            <northBoundLatitude>
                                <gco:Decimal>-26</gco:Decimal>
                            </northBoundLatitude>
                        </EX_GeographicBoundingBox>
                    </geographicElement>
                    
                    
                    <temporalElement>
                        <EX_TemporalExtent>
                            <extent>
                                <gml:TimePeriod frame="#ISO-8601" gml:id="timePeriod1">
                                    <gml:beginPosition>1999</gml:beginPosition>
                                    <gml:endPosition>2012</gml:endPosition>
                                </gml:TimePeriod>
                            </extent>
                        </EX_TemporalExtent>
                    </temporalElement>
                </EX_Extent>
            </extent>
            <supplementalInformation>
                <gco:CharacterString>This dataset is a digital land use map of the Stanley River sub-catchment, Queensland. As nearly as possible it shows land use in 2012. Updated land use datasets for 1999 and 2006, nd land use change layers for 1999 - 2012, 1999 - 2006 and 2006 - 2012 are also available with this data package. The dataset is a product of the Queensland Land Use Mapping Program (QLUMP) and was produced by the Queensland Government. The dataset comprises an ESRI vector geodatabase at a nominal scale of 1:50,000. The layer is a polygon dataset with each class having attributes describing land use. Land use is classified according to the Australian Land Use and Management Classification (ALUMC) Version 7, May 2010. Five primary classes are identified in order of increasing levels of intervention or potential impact on the natural landscape. Water is included separately as a sixth primary class. Under the three-level hierarchical structure, the minimum attribution level for land use mapping in Queensland is secondary land use. Primary and secondary levels relate to land use (i.e. the principal use of the land in terms of the objectives of the land manager). The tertiary level includes data on commodities or vegetation, (e.g. crops such as cereals and oil seeds). Where required and possible, attribution is performed to tertiary level. QLUMP maps the land use classes of sugar and cotton to tertiary level. A representation is available for users to apply a symbology to the land use data, by secondary ALUMC. The areas mapped as sugar include features such as tracks and drainage lines which are too small to be mapped separately at the scale of 1:50,000.</gco:CharacterString>
            </supplementalInformation>
        </MD_DataIdentification>
    </identificationInfo>
    <distributionInfo>
        <MD_Distribution>
            <distributionFormat>
                <MD_Format id="DownloadService">
                    <name>
                        <gco:CharacterString>Queensland Spatial Catalogue</gco:CharacterString>
                    </name>
                    <version gco:nilReason="inapplicable"/>
                    <specification>
                        <gco:CharacterString>Download Service</gco:CharacterString>
                    </specification>
                    <formatDistributor>
                        <MD_Distributor>
                            <distributorContact>
                                <CI_ResponsibleParty>
                                    <organisationName>
                                        <gco:CharacterString>Department of Environment and Science</gco:CharacterString>
                                    </organisationName>
                                    <role>
                                        <CI_RoleCode codeList="http://www.isotc211.org/2005/resources/Codelist/gmxCodelists.xml#CI_RoleCode" codeListValue="resourceProvider">resourceProvider</CI_RoleCode>
                                    </role>
                                </CI_ResponsibleParty>
                            </distributorContact>
                            <distributionOrderProcess>
                                <MD_StandardOrderProcess>
                                    
                                    <orderingInstructions>
                                        <gco:CharacterString>Open the Queensland Spatial Catalogue (QSpatial). Select the large SEARCH button and all available records are displayed. Select one of the four filter options provided and then the further options within the filter. The resultant search is then displayed. Select your record and complete the order.</gco:CharacterString>
                                    </orderingInstructions>
                                </MD_StandardOrderProcess>
                            </distributionOrderProcess>
                            <distributorTransferOptions>
                                <MD_DigitalTransferOptions>
                                    <onLine>
                                        <CI_OnlineResource id="dns1">
                                            <linkage>
                                                <URL>http://qldspatial.information.qld.gov.au/catalogue/</URL>
                                            </linkage>
                                        </CI_OnlineResource>
                                    </onLine>
                                </MD_DigitalTransferOptions>
                            </distributorTransferOptions>
                        </MD_Distributor>
                    </formatDistributor>
                </MD_Format>
            </distributionFormat>
            
            
            <distributionFormat>
                <MD_Format id="GptBehaviour">
                    <name>
                        <gco:CharacterString>downloadableData</gco:CharacterString>
                    </name>
                    <version>
                        <gco:CharacterString>10.0</gco:CharacterString>
                    </version>
                    <specification>
                        <gco:CharacterString>ESRI ArcGIS Server Geoportal Extension Content Type</gco:CharacterString>
                    </specification>
                </MD_Format>
            </distributionFormat>
            <distributor>
                <MD_Distributor id="distributorContact1">
                    <distributorContact>
                        <CI_ResponsibleParty>
                            <organisationName>
                                <gco:CharacterString>Department of Environment and Science</gco:CharacterString>
                            </organisationName>
                            <positionName>
                                <gco:CharacterString>opendata@des.qld.gov.au</gco:CharacterString>
                            </positionName>
                            <role>
                                <CI_RoleCode codeList="http://www.isotc211.org/2005/resources/Codelist/gmxCodelists.xml#CI_RoleCode" codeListValue="distributor">distributor</CI_RoleCode>
                            </role>
                        </CI_ResponsibleParty>
                    </distributorContact>
                    
                    <distributorFormat>
                        <MD_Format>
                            <name>
                                <gco:CharacterString>From Queensland Spatial Catalogue available as an ArcGIS Geodatabase in a zipped file.</gco:CharacterString>
                            </name>
                            <version gco:nilReason="inapplicable"/>
                        </MD_Format>
                    </distributorFormat>
                    <distributorTransferOptions>
                        <MD_DigitalTransferOptions>
                            <transferSize>
                                <gco:Real>8</gco:Real>
                            </transferSize>
                            <onLine>
                                <CI_OnlineResource>
                                    <linkage>
                                        <URL>http://qldspatial.information.qld.gov.au/catalogue/custom/search.page?q=%22Land use mapping - 1999 to 2012 - Stanley River catchment%22</URL>
                                    </linkage>
                                </CI_OnlineResource>
                            </onLine>
                            
                        </MD_DigitalTransferOptions>
                    </distributorTransferOptions>
                </MD_Distributor>
            </distributor>
            <transferOptions>
                <MD_DigitalTransferOptions id="download">
                    <onLine>
                        <CI_OnlineResource>
                            <linkage>
                                <URL/>
                            </linkage>
                            <function>
                                <CI_OnLineFunctionCode codeList="http://www.isotc211.org/2005/resources/Codelist/gmxCodelists.xml#CI_OnLineFunctionCode" codeListValue="download">download</CI_OnLineFunctionCode>
                            </function>
                        </CI_OnlineResource>
                    </onLine>
                </MD_DigitalTransferOptions>
            </transferOptions>
        </MD_Distribution>
    </distributionInfo>
    <dataQualityInfo>
        <DQ_DataQuality>
            <scope>
                <DQ_Scope>
                    <level>
                        <MD_ScopeCode codeList="http://www.isotc211.org/2005/resources/Codelist/gmxCodelists.xml#MD_ScopeCode" codeListValue="dataset">dataset</MD_ScopeCode>
                    </level>
                    
                </DQ_Scope>
            </scope>
            <report>
                <DQ_CompletenessOmission>
                    <result>
                        <DQ_ConformanceResult>
                            <specification gco:nilReason="missing"/>
                            <explanation>
                                <gco:CharacterString>Completeness of coverage: All spatial and attribute data are complete for the entire dataset. Completeness of classification: Land use features were captured from a range of source data. Mapping from satellite imagery was generally undertaken to the smallest discrete unit able to be visually interpreted using the visual cues of colour, texture and pattern (approximately one hectare). Land use information from ancillary datasets was captured at the scale of the source data. The resulting land use dataset therefore contains features at a range of scales and resolutions. To promote consistency in the way land use features are handled and represented, project guidelines specify minimum data resolution standards appropriate to various mapping scales. At a scale of 1:50,000 the surface area of the smallest mapped feature is two hectares and minimum width for linear features is 50 metres. Land use classes were assigned according to the Australian Land Use and Management Classification Version 7, May 2010 (Australian Bureau of Agriculture and Resource Economics and Sciences, 2011).</gco:CharacterString>
                            </explanation>
                            <pass gco:nilReason="inapplicable"/>
                        </DQ_ConformanceResult>
                    </result>
                </DQ_CompletenessOmission>
            </report>
            
            <report>
                <DQ_AbsoluteExternalPositionalAccuracy>
                    <result>
                        <DQ_ConformanceResult>
                            <specification gco:nilReason="missing"/>
                            <explanation>
                                <gco:CharacterString>Land use polygons for 2012 mapping were derived from the 1999 dataset which utilised source datasets with a range of scales, as well as on-screen hand digitising from imagery. The positional accuracy of source datasets was variable ranging from approximately 25 metres for information derived from 1:50,000 scale datasets, to 50 metres for information derived from 1:100,000. Hand digitising was undertaken to an error of approximately one millimetre (100 metres at map scale). SLATS processed Landsat TM imagery has a maximum RMSE of 0.7 pixels (17.5 metres and positional accuracy of two pixels (50 metres) or better. Where there were inconsistencies between polygon boundaries defined by source datasets (vector coverages) and imagery, they were adjusted to conform to the imagery as this was considered to have higher positional accuracy.</gco:CharacterString>
                            </explanation>
                            <pass gco:nilReason="inapplicable"/>
                        </DQ_ConformanceResult>
                    </result>
                </DQ_AbsoluteExternalPositionalAccuracy>
            </report>
            <report>
                <DQ_NonQuantitativeAttributeAccuracy>
                    <result>
                        <DQ_ConformanceResult>
                            <specification gco:nilReason="missing"/>
                            <explanation>
                                <gco:CharacterString>Delineation of land use polygons was based on visual interpretation of multi-temporal Landsat and SPOT5 imagery, high-res Ortho photography, scanned aerial photography as well as ancillary data sets containing land use information, field observations and personal communication with regional Queensland Government staff, LGA representatives, land owners and managers. Assignment of land use classes was based on ALUM Version 7 (May 2010). Several classes were highlighted as being particularly susceptible to confusion &amp; misclassification and issues arose which increased uncertainty in others. Livestock grazing occurs on a range of pasture types including native and exotic as well as mixtures of both. Identifying and separating these using imagery, aerial photography and field observation is difficult and unreliable. Areas of pasture which appeared to be harvested for fodder or grazed off were mapped as Cropping (3.3.0). This may contribute to an over-estimation of cropping in the region. Other areas mapped as grazing include road reserves, cleared and uncleared land adjacent to rivers and streams as well as land immediately adjacent to or between cropped paddocks. Other minimal use (1.3.0) and Remnant native cover (1.3.3) may also be confused with this class. The appearance of these can be highly variable and classification may therefore not be consistent. Guidelines for mapping the class 'Intensive animal husbandry' (5.2.0) have changed in ALUM Version 7 ( May 2011). Only the infrastructure associated with intensive animal production should be classified as 5.2.0 (e.g. dairy sheds, 5.2.1). The surrounding pastures should generally mapped as 'Grazing modified pastures' (3.2.0) or 'Grazing irrigated modified pastures' (4.2.0). Rural residential with Agriculture (5.4.2) areas are a source of possible error. Properties on the fringes of suburban settlements, hobby farms and subdivisions in isolated localities with comparatively small lot sizes were mapped to this class. The use of QVAS (valuation information) was useful, based on whether or not the land owner was classified as a primary producer. This class may be misclassified with Grazing native vegetation (2.1.0) and Other Minimal Use (1.3.0), especially on larger properties. The distinction between dryland and irrigated cropping (3.3.0 and 4.3.0) was not always evident and it is likely there is some misclassification in these classes. Proximity to water sources (watercourse or dam) and local knowledge was used to confirm areas of irrigation as much as possible. A combination of the SLATS water body dataset and the Queensland Herbarium's wetlands and regional ecosystem datasets provided the basis for mapping marsh/wetlands (6.5.0), lakes (6.1.0) and reservoir or dams (6.2.0). The ephemeral nature of many of these can lead to confusion insofar as they may be present in imagery of one date and either absent or of differing extent in imagery of subsequent or previous dates. For this reason, only wetlands, lakes and dams that were commonly or permanently inundated were included in the dataset. As a result, there is likely to be errors &amp; omissions and some disagreement in the mapping of features such as farm dams, reservoirs, lakes, wetlands &amp; other water features. Many water features whilst exceeding the minimum mappable area requirements, do not meet the criteria for linear or uniform features. An independent accuracy assessment of the completed dataset was undertaken using a modified version of the methods described in "Guidelines for land use mapping in Australia: principles, procedures and definitions", 4th edition, 2011 (ABARES). The error matrix used to assess this region may be viewed in Table 1 below. The estimated overall accuracy was 92% with a 95% confidence interval of (83%-96%) based on the assessment of 164 points. Kappa values were 0.88 (0.76-0.94). Reference data are columns, map data are rows. Error Matrix 1.1.0 1.2.0 1.3.0 2.1.0 2.2.0 3.1.0 3.3.0 3.3.5 3.4.0 3.6.0 4.3.0 4.4.0 4.5.0 5.1.0 5.2.0 5.3.0 5.4.0 5.5.0 5.7.0 5.8.0 5.9.0 6.2.0 6.5.0 Total Prop (%)&#13;
1.1.0 15 0 0 0 0 0 0 0 0 0 0 0 0 0 0 0 0 0 0 0 0 0 0 15 21.09&#13;
1.2.0 0 10 0 0 0 0 0 0 0 0 0 0 0 0 0 0 0 0 0 0 0 0 0 10 0.64&#13;
1.3.0 0 0 13 2 0 0 0 0 0 0 0 0 0 0 0 0 0 0 0 0 0 0 0 15 11.06&#13;
2.1.0 0 0 0 15 0 0 0 0 0 0 0 0 0 0 0 0 0 0 0 0 0 0 0 15 51.1&#13;
2.2.0 0 0 0 0 10 0 0 0 0 0 0 0 0 0 0 0 0 0 0 0 0 0 0 10 2.67&#13;
3.1.0 0 0 0 0 0 10 0 0 0 0 0 0 0 0 0 0 0 0 0 0 0 0 0 10 3.46&#13;
3.3.0 0 0 0 1 0 0 9 0 0 0 0 0 0 0 0 0 0 0 0 0 0 0 0 10 0.21&#13;
3.3.5 0 0 0 0 0 0 0 1 0 0 0 0 0 0 0 0 0 0 0 0 0 0 0 1 0.02&#13;
3.4.0 0 0 0 0 0 0 0 0 10 0 0 0 0 0 0 0 0 0 0 0 0 0 0 10 0.5&#13;
3.6.0 0 0 0 1 0 0 0 0 0 0 0 0 0 0 0 0 0 0 0 0 0 0 0 1 0.25&#13;
4.3.0 0 0 0 0 0 0 0 0 0 0 10 0 0 0 0 0 0 0 0 0 0 0 0 10 0.4&#13;
4.4.0 0 0 0 1 0 0 0 0 0 0 0 8 0 1 0 0 0 0 0 0 0 0 0 10 0.19&#13;
4.5.0 0 0 0 0 0 0 0 0 0 0 0 0 1 0 0 0 0 0 0 0 0 0 0 1 0.11&#13;
5.1.0 0 0 0 0 0 0 0 0 0 0 0 0 0 1 0 0 0 0 0 0 0 0 0 1 0&#13;
5.2.0 0 0 0 2 0 0 0 0 0 0 0 0 0 0 8 0 0 0 0 0 0 0 0 10 0.21&#13;
5.3.0 0 0 0 0 0 0 0 0 0 0 0 0 0 0 0 1 0 0 0 0 0 0 0 1 0.05&#13;
5.4.0 0 0 1 0 0 0 0 0 0 0 0 0 0 0 0 0 9 0 0 0 0 0 0 10 4.29&#13;
5.5.0 0 0 0 0 0 0 0 0 0 0 0 0 0 0 0 0 0 10 0 0 0 0 0 10 0.52&#13;
5.7.0 0 0 0 0 0 0 0 0 0 0 0 0 0 0 0 0 0 0 1 0 0 0 0 1 0.01&#13;
5.8.0 0 0 0 0 0 0 0 0 0 0 0 0 0 0 0 0 0 0 0 1 0 0 0 1 0.02&#13;
5.9.0 0 0 0 0 0 0 0 0 0 0 0 0 0 0 0 0 0 0 0 0 1 0 0 1 0.01&#13;
6.2.0 0 0 0 0 0 0 0 0 0 0 0 0 0 0 0 0 0 0 0 0 0 10 0 10 3.16&#13;
6.5.0 0 0 0 0 0 0 0 0 0 0 0 0 0 0 0 0 0 0 0 0 0 0 1 1 0.03&#13;
Total 15 10 14 22 10 10 9 1 10 0 10 8 1 2 8 1 9 10 1 1 1 10 1 164 100 : Error matrix for the Stanley River sub-catchment, Queensland 2012 land use dataset. Points were assessed based on a stratified random sampling strategy, using the map classes (area and frequency) as the strata. The column prop (%) is the relative proportion in area of the classes that were assessed, not of the region as a whole. Note also that the Grazing modified pastures (dryland 3.2.0 and irrigated 4.2.0) were excluded from the validation as identifying and separating these using imagery, aerial photography and field observation is known to be unreliable.</gco:CharacterString>
                            </explanation>
                            <pass gco:nilReason="inapplicable"/>
                        </DQ_ConformanceResult>
                    </result>
                </DQ_NonQuantitativeAttributeAccuracy>
            </report>
            
            
            
            
            <lineage>
                <LI_Lineage>
                    <statement>
                        <gco:CharacterString>Source Data Queensland Government - Land use mapping (1999); Landsat TM and ETM+ imagery; Spot-5 imagery; Hi-res Ortho photography through the Spatial Imagery Subscription Plan (SISP); Queensland Digital Cadastral Database (DCDB) (2012), Queensland Valuation and Sales Database (QVAS) (2012); Queensland Nature Refuges (2013); Queensland Estates (2012); Queensland Herbarium's Regional Ecosystem, Water Body and Wetlands datasets (2009); Statewide Landcover &amp; Trees Study (SLATS) Queensland Dams and Waterbodies (2012) and land cover change data; scanned aerial photography (1999-2012). Additional verbal &amp; written information on land uses &amp; their locations was obtained from regional Queensland Government officers, Local Government Authorities, land owners &amp; managers, private industry as well as from field observations &amp; checking. Data capture: A range of existing digital datasets containing land use information was collated from Queensland Government spatial data inventory and prepared for use in a GIS using ArcGIS and ERDAS Imagine software. Processing steps: The existing 1999 baseline (or later where available) land use dataset (vector) formed the basis for the 2012 land use dataset. The 1999, 2006 and 2012 datasets were then updated and improved primarily by interpretation of SPOT5 imagery, high-res orthophotography, scanned aerial photography and inclusion of expert local knowledge. By overlaying the LU datasets on imagery and digitising or modifying areas previously omitted or incorrectly mapped (1999 and 2006 mapping) as well as areas of actual &amp; potential land use change (2006 and 2012). The DCDB, QVAS, Estates, Queensland Herbarium wetlands and SLATS land cover change and waterbody datasets were used to assist in identification and delineation of property and land use type boundaries. Digitised areas of uniform land use type were assigned to land use classes according to ALUMC Version 7 (May 2010). Local authorities and regional Queensland Government and other State department officers supplied information and confirmed land uses not identified from the satellite images. An independent validation was undertaken to assess thematic (attribute) accuracy under the ALUM classification.</gco:CharacterString>
                    </statement>
                    
                    
                </LI_Lineage>
            </lineage>
        </DQ_DataQuality>
    </dataQualityInfo>
    <metadataConstraints>
        <MD_SecurityConstraints>
            <useLimitation>
                <gco:CharacterString>Public</gco:CharacterString>
            </useLimitation>
            <classification>
                <MD_ClassificationCode codeList="http://www.isotc211.org/2005/resources/Codelist/gmxCodelists.xml#MD_ClassificationCode" codeListValue="unclassified"/>
            </classification>
            <classificationSystem>
                <gco:CharacterString>Metadata Access Level</gco:CharacterString>
            </classificationSystem>
        </MD_SecurityConstraints>
    </metadataConstraints>
</MD_Metadata>