<?xml version="1.0" encoding="UTF-8" standalone="no"?>
<MD_Metadata xmlns="http://www.isotc211.org/2005/gmd" xmlns:gco="http://www.isotc211.org/2005/gco" xmlns:gmd="http://www.isotc211.org/2005/gmd" xmlns:gml="http://www.opengis.net/gml" xmlns:xlink="http://www.w3.org/1999/xlink" xmlns:xsi="http://www.w3.org/2001/XMLSchema-instance" xsi:schemaLocation="http://www.isotc211.org/2005/gmd http://www.isotc211.org/2005/gmd/gmd.xsd      http://www.opengis.net/gml http://www.isotc211.org/2005/gml/gml.xsd      http://www.w3.org/1999/xlink http://www.isotc211.org/2005/xlink/xlinks.xsd">
    <fileIdentifier>
        <gco:CharacterString>{0B394KIV7-XA2L5-20YOP-0Z6ZY-5GU29BEGH}</gco:CharacterString>
    </fileIdentifier>
    <language>
        <gco:CharacterString>eng</gco:CharacterString>
    </language>
    <characterSet>
        <MD_CharacterSetCode codeList="http://www.isotc211.org/2005/resources/Codelist/gmxCodelists.xml#MD_CharacterSetCode" codeListValue="utf8"/>
    </characterSet>
    <parentIdentifier>
        <gco:CharacterString>{4630E3AD-2A97-48A2-9CC8-97D15FF30511}</gco:CharacterString>
    </parentIdentifier>
    <hierarchyLevel>
        <MD_ScopeCode codeList="http://www.isotc211.org/2005/resources/Codelist/gmxCodelists.xml#MD_ScopeCode" codeListValue="dataset">dataset</MD_ScopeCode>
    </hierarchyLevel>
    
    <contact>
        <CI_ResponsibleParty id="metadataContact">
            <organisationName>
                <gco:CharacterString>Department of Environment and Science</gco:CharacterString>
            </organisationName>
            <positionName>
                <gco:CharacterString>Land Resource Officer</gco:CharacterString>
            </positionName>
            <contactInfo>
                <CI_Contact>
                    <phone>
                        <CI_Telephone>
                            <voice>
                                <gco:CharacterString>+61 7 3170 5623</gco:CharacterString>
                            </voice>
                        </CI_Telephone>
                    </phone>
                    <address>
                        <CI_Address>
                            <deliveryPoint>
                                <gco:CharacterString>EcoSciences Precinct, 41 Boggo Road</gco:CharacterString>
                            </deliveryPoint>
                            <city>
                                <gco:CharacterString>Dutton Park</gco:CharacterString>
                            </city>
                            <administrativeArea>
                                <gco:CharacterString>Queensland</gco:CharacterString>
                            </administrativeArea>
                            <postalCode>
                                <gco:CharacterString>4102</gco:CharacterString>
                            </postalCode>
                            <country>
                                <gco:CharacterString>Australia</gco:CharacterString>
                            </country>
                            <electronicMailAddress>
                                <gco:CharacterString>soils@qld.gov.au</gco:CharacterString>
                            </electronicMailAddress>
                        </CI_Address>
                    </address>
                    
                </CI_Contact>
            </contactInfo>
            <role>
                <CI_RoleCode codeList="http://www.isotc211.org/2005/resources/Codelist/gmxCodelists.xml#CI_RoleCode" codeListValue="pointOfContact">pointOfContact</CI_RoleCode>
            </role>
        </CI_ResponsibleParty>
    </contact>
    <dateStamp>
        <gco:Date>2012-08-10</gco:Date>
    </dateStamp>
    <metadataStandardName>
        <gco:CharacterString>ISO 19115:2005, ANZLIC ISO 1.1</gco:CharacterString>
    </metadataStandardName>
    <metadataStandardVersion>
        <gco:CharacterString>QGIS</gco:CharacterString>
    </metadataStandardVersion>
    <referenceSystemInfo>
        <MD_ReferenceSystem id="coordRefSystem">
            <referenceSystemIdentifier>
                <RS_Identifier>
                    <authority>
                        <CI_Citation>
                            <title>
                                <gco:CharacterString>EPSG Geodetic Parameter
                                Dataset</gco:CharacterString>
                            </title>
                            <date>
                                <CI_Date>
                                    <date>
                                        <gco:Date>2007-07-16</gco:Date>
                                    </date>
                                    <dateType>
                                        <CI_DateTypeCode codeList="http://www.isotc211.org/2005/resources/Codelist/gmxCodelists.xml#CI_DateTypeCode" codeListValue="revision">revision </CI_DateTypeCode>
                                    </dateType>
                                </CI_Date>
                            </date>
                            <edition>
                                <gco:CharacterString>Version 6.13</gco:CharacterString>
                            </edition>
                        </CI_Citation>
                    </authority>
                    <code>
                        <gco:CharacterString>EPSG:4283</gco:CharacterString>
                    </code>
                </RS_Identifier>
            </referenceSystemIdentifier>
        </MD_ReferenceSystem>
    </referenceSystemInfo>
    
    
    
    <identificationInfo>
        <MD_DataIdentification>
            <citation>
                <CI_Citation>
                    <title>
                        <gco:CharacterString>Environmental characteristics - Burdekin</gco:CharacterString>
                    </title>
                    <alternateTitle>
                        <gco:CharacterString>DP_ENV_Burdekin_DCDB_A.zip</gco:CharacterString>
                    </alternateTitle>
                    <date>
                        <CI_Date>
                            <date>
                                <gco:Date>2012-05-25</gco:Date>
                            </date>
                            <dateType>
                                <CI_DateTypeCode codeList="http://www.isotc211.org/2005/resources/Codelist/gmxCodelists.xml#CI_DateTypeCode" codeListValue="publication"/>
                            </dateType>
                        </CI_Date>
                    </date>
                    
                    
                    
                    <citedResponsibleParty>
                        <CI_ResponsibleParty id="resourceCustodian">
                            <organisationName>
                                <gco:CharacterString>Department of Environment and Science</gco:CharacterString>
                            </organisationName>
                            <positionName>
                                <gco:CharacterString>Deputy Director-General, Science and Technology Division</gco:CharacterString>
                            </positionName>
                            <contactInfo>
                                <CI_Contact>
                                    <onlineResource>
                                        <CI_OnlineResource>
                                            <linkage>
                                                <URL>https://www.qld.gov.au/environment/land/management/soil</URL>
                                            </linkage>
                                        </CI_OnlineResource>
                                    </onlineResource>                            
                                </CI_Contact>
                            </contactInfo>
                            <role>
                                <CI_RoleCode codeList="http://www.isotc211.org/2005/resources/Codelist/gmxCodelists.xml#CI_RoleCode" codeListValue="custodian">custodian</CI_RoleCode>
                            </role>
                        </CI_ResponsibleParty>
                    </citedResponsibleParty>
                    <citedResponsibleParty>
                        <CI_ResponsibleParty id="resourceOwner">
                            <organisationName>
                                <gco:CharacterString>Department of Environment and Science</gco:CharacterString>
                            </organisationName>
                            <positionName>
                                <gco:CharacterString>Deputy Director-General, Science and Technology Division</gco:CharacterString>
                            </positionName>
                            <role>
                                <CI_RoleCode codeList="http://www.isotc211.org/2005/resources/Codelist/gmxCodelists.xml#CI_RoleCode" codeListValue="owner">owner</CI_RoleCode>
                            </role>
                        </CI_ResponsibleParty>
                    </citedResponsibleParty>
                    <citedResponsibleParty>
                        <CI_ResponsibleParty id="otherCitContact1">
                            <organisationName>
                                <gco:CharacterString>Department of Natural Resources, Mines and Energy</gco:CharacterString>
                            </organisationName>
                            <positionName>
                                <gco:CharacterString>QSpatial Support</gco:CharacterString>
                            </positionName>
							<contactInfo>
								<CI_Contact>
									<phone>
										<CI_Telephone>
											<voice>
												<gco:CharacterString>+61 7 3330 4442</gco:CharacterString>
											</voice>
										</CI_Telephone>
									</phone>
									<address>
										<CI_Address>
											<deliveryPoint>
												<gco:CharacterString/>
											</deliveryPoint>
											<city>
												<gco:CharacterString/>
											</city>
											<administrativeArea>
												<gco:CharacterString/>
											</administrativeArea>
											<postalCode>
												<gco:CharacterString/>
											</postalCode>
											<country>
												<gco:CharacterString/>
											</country>
											<electronicMailAddress>
												<gco:CharacterString>discovery@dnrme.qld.gov.au</gco:CharacterString>
											</electronicMailAddress>
										</CI_Address>
									</address>
									<onlineResource>
										<CI_OnlineResource>
											<linkage>
												<URL/>
											</linkage>
										</CI_OnlineResource>
									</onlineResource>
								</CI_Contact>
							</contactInfo>
                            <role>
                                <CI_RoleCode codeList="http://www.isotc211.org/2005/resources/Codelist/gmxCodelists.xml#CI_RoleCode" codeListValue="resourceProvider">resourceProvider</CI_RoleCode>
                            </role>
                        </CI_ResponsibleParty>
                    </citedResponsibleParty>
                    
                    
                    <presentationForm>
                        <CI_PresentationFormCode codeList="http://www.isotc211.org/2005/resources/Codelist/gmxCodelists.xml#CI_PresentationFormCode" codeListValue="mapDigital">mapDigital</CI_PresentationFormCode>
                    </presentationForm>
                    
                </CI_Citation>
            </citation>


            <abstract>
                <gco:CharacterString>The Queensland Government through the Reef Water Quality Protection Plan (Reef Plan) has funded research, extension, education and regulatory activities to help improve the quality of water entering the Great Barrier Reef lagoon. The Queensland Government Soil and Land Information (SALI) database has been interrogated to extract data relating to the inherent properties of the landscape which may impact on surface water quality. There are four shapefiles which complete this data set.</gco:CharacterString>
            </abstract>
            <purpose>
                <gco:CharacterString>These data sets were produced for the Burdekin sugarcane production area of the Great Barrier Reef catchment.The data relates to the inherent properties of the landscape and is used to assist a range of activities that identify the potential of a location to contribute to 'surface water quality decline' and this water entering the Reef. When combined with land management factors this enables targeted investment in the Burdekin sugarcane production cane area of education, extension and awareness activities in order to develop measures to reduce the impacts of this condition.</gco:CharacterString>
            </purpose>
            <status>
                <MD_ProgressCode codeList="http://www.isotc211.org/2005/resources/Codelist/gmxCodelists.xml#MD_ProgressCode" codeListValue="completed">completed</MD_ProgressCode>
            </status>
            <pointOfContact>
                <CI_ResponsibleParty>
                    <organisationName>
                        <gco:CharacterString>Department of Environment and Science</gco:CharacterString>
                    </organisationName>
                    <positionName>
                        <gco:CharacterString>Land Resource Officer</gco:CharacterString>
                    </positionName>
                    <contactInfo>
                        <CI_Contact>
                            <phone>
                                <CI_Telephone>
                                    <voice>
                                        <gco:CharacterString>+61 7 3170 5623</gco:CharacterString>
                                    </voice>
                                </CI_Telephone>
                            </phone>
                            <address>
                                <CI_Address>
                                    <deliveryPoint>
                                        <gco:CharacterString>EcoSciences Precinct, 41 Boggo Road</gco:CharacterString>
                                    </deliveryPoint>
                                    <city>
                                        <gco:CharacterString>Dutton Park</gco:CharacterString>
                                    </city>
                                    <administrativeArea>
                                        <gco:CharacterString>Queensland</gco:CharacterString>
                                    </administrativeArea>
                                    <postalCode>
                                        <gco:CharacterString>4102</gco:CharacterString>
                                    </postalCode>
                                    <country>
                                        <gco:CharacterString>Australia</gco:CharacterString>
                                    </country>
                                    <electronicMailAddress>
                                        <gco:CharacterString>soils@qld.gov.au</gco:CharacterString>
                                    </electronicMailAddress>
                                </CI_Address>
                            </address>
                                                        
                        </CI_Contact>
                    </contactInfo>
                    <role>
                        <CI_RoleCode codeList="http://www.isotc211.org/2005/resources/Codelist/gmxCodelists.xml#CI_RoleCode" codeListValue="pointOfContact"/>
                    </role>
                </CI_ResponsibleParty>
            </pointOfContact>
            <resourceMaintenance>
                <MD_MaintenanceInformation>
                    <maintenanceAndUpdateFrequency>
                        <MD_MaintenanceFrequencyCode codeList="http://www.isotc211.org/2005/resources/Codelist/gmxCodelists.xml#MD_MaintenanceFrequencyCode" codeListValue="notPlanned"/>
                    </maintenanceAndUpdateFrequency>
                    
                </MD_MaintenanceInformation>
            </resourceMaintenance>
            
            <resourceFormat>
                <MD_Format>
                    <name>
                        <gco:CharacterString>Spatial Data Format</gco:CharacterString>
                    </name>
                    <version>
                        <gco:CharacterString>1</gco:CharacterString>
                    </version>
                </MD_Format>
            </resourceFormat>
            <descriptiveKeywords>
                <MD_Keywords id="ThemeAnzlicThesaurus">
                    <keyword>
                        <gco:CharacterString>SOIL</gco:CharacterString>
                    </keyword>
                    <type>
                        <MD_KeywordTypeCode codeList="http://www.isotc211.org/2005/resources/Codelist/gmxCodelists.xml#MD_KeywordTypeCode" codeListValue="theme">theme</MD_KeywordTypeCode>
                    </type>
                    <thesaurusName>
                        <CI_Citation>
                            <title>
                                <gco:CharacterString>ANZLIC Search Words</gco:CharacterString>
                            </title>
                            <date>
                                <CI_Date>
                                    <date gco:nilReason="unknown"/>
                                    <dateType>
                                        <CI_DateTypeCode codeList="http://www.isotc211.org/2005/resources/Codelist/gmxCodelists.xml#CI_DateTypeCode" codeListValue="publication">publication</CI_DateTypeCode>
                                    </dateType>
                                </CI_Date>
                            </date>
                        </CI_Citation>
                    </thesaurusName>
                </MD_Keywords>
            </descriptiveKeywords>
            <descriptiveKeywords>
                <MD_Keywords id="ThemeOpenDataThesaurus">
                    <keyword>
                        <gco:CharacterString>Sciences</gco:CharacterString>
                    </keyword>
                    <type>
                        <MD_KeywordTypeCode codeList="http://www.isotc211.org/2005/resources/Codelist/gmxCodelists.xml#MD_KeywordTypeCode" codeListValue="theme">theme</MD_KeywordTypeCode>
                    </type>
                    <thesaurusName>
                        <CI_Citation>
                            <title>
                                <gco:CharacterString>Queensland Open Data Categories</gco:CharacterString>
                            </title>
                            <date>
                                <CI_Date>
                                    <date gco:nilReason="unknown"/>
                                    <dateType>
                                        <CI_DateTypeCode codeList="http://www.isotc211.org/2005/resources/Codelist/gmxCodelists.xml#CI_DateTypeCode" codeListValue="publication">publication</CI_DateTypeCode>
                                    </dateType>
                                </CI_Date>
                            </date>
                        </CI_Citation>
                    </thesaurusName>
                </MD_Keywords>
            </descriptiveKeywords>
            
            
            <resourceConstraints>
                <MD_SecurityConstraints>
                    <useLimitation>
                        <gco:CharacterString>Unrestricted to all levels of government, business and community. Dataset is available for use by government agencies, community groups and individuals under a signed license agreement.</gco:CharacterString>
                    </useLimitation>
                    <classification>
                        <MD_ClassificationCode codeList="http://www.isotc211.org/2005/resources/Codelist/gmxCodelists.xml#MD_ClassificationCode" codeListValue="unclassified">unclassified</MD_ClassificationCode>
                    </classification>
                    <classificationSystem>
                        <gco:CharacterString>Resource Access Level</gco:CharacterString>
                    </classificationSystem>
                </MD_SecurityConstraints>
            </resourceConstraints>
            <resourceConstraints>
                <MD_LegalConstraints>
                    <useLimitation>
                        <gco:CharacterString>&amp;copy State of Queensland (Department of Environment and Science) 2020</gco:CharacterString>
                    </useLimitation>
                    <useConstraints>
                        <MD_RestrictionCode codeList="http://www.isotc211.org/2005/resources/Codelist/gmxCodelists.xml#MD_RestrictionCode" codeListValue="copyright">copyright</MD_RestrictionCode>
                    </useConstraints>
                </MD_LegalConstraints>
            </resourceConstraints>
            <resourceConstraints>
                <MD_LegalConstraints>
                    <useLimitation>
                        <gco:CharacterString>&lt;a rel="license" href="https://creativecommons.org/licenses/by/4.0/"&gt;Creative Commons - Attribution 4.0&lt;/a&gt; licence.&lt;br /&gt; &lt;a rel="license" href="https://creativecommons.org/licenses/by/4.0/"&gt;&lt;img alt="Creative Commons License" title="Creative Commons - Attribution 4.0 License" style="border: 0;" src="https://licensebuttons.net/l/by/4.0/88x31.png" /&gt;&lt;/a&gt;&lt;br /&gt; The State of Queensland requests attribution in the following manner:&lt;/br&gt; &amp;copy State of Queensland 2020.</gco:CharacterString>
                    </useLimitation>
                    <useConstraints>
                        <MD_RestrictionCode codeList="http://www.isotc211.org/2005/resources/Codelist/gmxCodelists.xml#MD_RestrictionCode" codeListValue="license">license</MD_RestrictionCode>
                    </useConstraints>
                </MD_LegalConstraints>
            </resourceConstraints>
            
            
            
            <resourceConstraints>
                <MD_LegalConstraints>
                    <useConstraints>
                        <MD_RestrictionCode codeList="http://www.isotc211.org/2005/resources/Codelist/gmxCodelists.xml#MD_RestrictionCode" codeListValue="otherRestrictions">otherRestrictions</MD_RestrictionCode>
                    </useConstraints>
                    <otherConstraints>
                        <gco:CharacterString>Based on or contains data provided by the State of Queensland 2020. The State makes no representations or warranties in relation to the supplied data, and you agree that, to the extent permitted by law, all warranties relating to accuracy, reliability, completeness, currency or suitability for any particular purpose and all liability for any loss, damage or costs (including consequential damage) incurred in any way (including but not limited to that arising from negligence) in connection with any use of or reliance on the supplied data are excluded or limited. You agree to continually indemnify the State (including its officers and employees) against any loss, cost, expense, damage and liability of any kind (including consequential damage and liability in negligence) arising directly or indirectly from or related to any claim relating to your use of the supplied data or any product made from the supplied data.</gco:CharacterString>
                    </otherConstraints>
                </MD_LegalConstraints>
            </resourceConstraints>
            
            <spatialRepresentationType>
                <MD_SpatialRepresentationTypeCode codeList="http://www.isotc211.org/2005/resources/Codelist/gmxCodelists.xml#MD_SpatialRepresentationTypeCode" codeListValue="vector">vector</MD_SpatialRepresentationTypeCode>
            </spatialRepresentationType>
            
            <language>
                <gco:CharacterString>eng</gco:CharacterString>
            </language>
            <characterSet gco:nilReason="unknown"/>
            <topicCategory>
                <MD_TopicCategoryCode>farming</MD_TopicCategoryCode>
            </topicCategory>
            <environmentDescription>
                <gco:CharacterString>Directory</gco:CharacterString>
            </environmentDescription>
            <extent>
                <EX_Extent>
                    <geographicElement>
                        <EX_GeographicBoundingBox>
                            <westBoundLongitude>
                                <gco:Decimal>146.914</gco:Decimal>
                            </westBoundLongitude>
                            <eastBoundLongitude>
                                <gco:Decimal>147.589</gco:Decimal>
                            </eastBoundLongitude>
                            <southBoundLatitude>
                                <gco:Decimal>-20.331</gco:Decimal>
                            </southBoundLatitude>
                            <northBoundLatitude>
                                <gco:Decimal>-19.311</gco:Decimal>
                            </northBoundLatitude>
                        </EX_GeographicBoundingBox>
                    </geographicElement>
                    
                    
                    <temporalElement>
                        <EX_TemporalExtent>
                            <extent>
                                <gml:TimePeriod frame="#ISO-8601" gml:id="timePeriod1">
                                    <gml:beginPosition>2012-01-01</gml:beginPosition>
                                    <gml:endPosition>2012-01-01</gml:endPosition>
                                </gml:TimePeriod>
                            </extent>
                        </EX_TemporalExtent>
                    </temporalElement>
                </EX_Extent>
            </extent>
            
        </MD_DataIdentification>
    </identificationInfo>
    <distributionInfo>
        <MD_Distribution>
            <distributionFormat>
                <MD_Format id="DownloadService">
                    <name>
                        <gco:CharacterString>Queensland Spatial Catalogue</gco:CharacterString>
                    </name>
                    <version gco:nilReason="inapplicable"/>
                    <specification>
                        <gco:CharacterString>Download Service</gco:CharacterString>
                    </specification>
                    <formatDistributor>
                        <MD_Distributor>
                            <distributorContact>
                                <CI_ResponsibleParty>
                                    <organisationName>
                                        <gco:CharacterString>Department of Natural Resources, Mines and Energy</gco:CharacterString>
                                    </organisationName>
                                    <role>
                                        <CI_RoleCode codeList="http://www.isotc211.org/2005/resources/Codelist/gmxCodelists.xml#CI_RoleCode" codeListValue="resourceProvider">resourceProvider</CI_RoleCode>
                                    </role>
                                </CI_ResponsibleParty>
                            </distributorContact>
                            <distributionOrderProcess>
                                <MD_StandardOrderProcess>
                                    
                                    <orderingInstructions>
                                        <gco:CharacterString>Open the Queensland Spatial Catalogue (QSpatial). Select the large SEARCH button and all available records are displayed. Select one of the four filter options provided and then the further options within the filter. The resultant search is then displayed. Select your record and complete the order.</gco:CharacterString>
                                    </orderingInstructions>
                                </MD_StandardOrderProcess>
                            </distributionOrderProcess>
                            <distributorTransferOptions>
                                <MD_DigitalTransferOptions>
                                    <onLine>
                                        <CI_OnlineResource id="dns1">
                                            <linkage>
                                                <URL>http://qldspatial.information.qld.gov.au/catalogue/</URL>
                                            </linkage>
                                        </CI_OnlineResource>
                                    </onLine>
                                </MD_DigitalTransferOptions>
                            </distributorTransferOptions>
                        </MD_Distributor>
                    </formatDistributor>
                </MD_Format>
            </distributionFormat>
            
            
            <distributionFormat>
                <MD_Format id="GptBehaviour">
                    <name>
                        <gco:CharacterString>downloadableData</gco:CharacterString>
                    </name>
                    <version>
                        <gco:CharacterString>10.0</gco:CharacterString>
                    </version>
                    <specification>
                        <gco:CharacterString>ESRI ArcGIS Server Geoportal Extension Content Type</gco:CharacterString>
                    </specification>
                </MD_Format>
            </distributionFormat>
            <distributor>
                <MD_Distributor id="distributorContact1">
                    <distributorContact>
                        <CI_ResponsibleParty>
                            <organisationName>
                                <gco:CharacterString>Department of Environment and Science</gco:CharacterString>
                            </organisationName>
                            <positionName>
                                <gco:CharacterString>opendata@des.qld.gov.au</gco:CharacterString>
                            </positionName>
                            <role>
                                <CI_RoleCode codeList="http://www.isotc211.org/2005/resources/Codelist/gmxCodelists.xml#CI_RoleCode" codeListValue="distributor">distributor</CI_RoleCode>
                            </role>
                        </CI_ResponsibleParty>
                    </distributorContact>
                    
                    <distributorFormat>
                        <MD_Format>
                            <name>
                                <gco:CharacterString>From Queensland Spatial Catalogue, this data is available as an ESRI Shape file.</gco:CharacterString>
                            </name>
                            <version gco:nilReason="inapplicable"/>
                        </MD_Format>
                    </distributorFormat>
                    <distributorTransferOptions>
                        <MD_DigitalTransferOptions>
                            <transferSize>
                                <gco:Real>64</gco:Real>
                            </transferSize>
                            <onLine>
                                <CI_OnlineResource>
                                    <linkage>
                                        <URL>http://qldspatial.information.qld.gov.au/catalogue/custom/search.page?q=%22Environmental characteristics - Burdekin%22</URL>
                                    </linkage>
                                </CI_OnlineResource>
                            </onLine>
                            
                        </MD_DigitalTransferOptions>
                    </distributorTransferOptions>
                </MD_Distributor>
            </distributor>
            <transferOptions>
                <MD_DigitalTransferOptions id="download">
                    <onLine>
                        <CI_OnlineResource>
                            <linkage>
                                <URL/>
                            </linkage>
                            <function>
                                <CI_OnLineFunctionCode codeList="http://www.isotc211.org/2005/resources/Codelist/gmxCodelists.xml#CI_OnLineFunctionCode" codeListValue="download">download</CI_OnLineFunctionCode>
                            </function>
                        </CI_OnlineResource>
                    </onLine>
                </MD_DigitalTransferOptions>
            </transferOptions>
        </MD_Distribution>
    </distributionInfo>
    <dataQualityInfo>
        <DQ_DataQuality>
            <scope>
                <DQ_Scope>
                    <level>
                        <MD_ScopeCode codeList="http://www.isotc211.org/2005/resources/Codelist/gmxCodelists.xml#MD_ScopeCode" codeListValue="dataset">dataset</MD_ScopeCode>
                    </level>
                    
                </DQ_Scope>
            </scope>
            <report>
                <DQ_CompletenessOmission>
                    <result>
                        <DQ_ConformanceResult>
                            <specification gco:nilReason="missing"/>
                            <explanation>
                                <gco:CharacterString>This dataset is complete for the study area using the best available data at the time.There is a high confidence in spatial and attribute data.</gco:CharacterString>
                            </explanation>
                            <pass gco:nilReason="inapplicable"/>
                        </DQ_ConformanceResult>
                    </result>
                </DQ_CompletenessOmission>
            </report>
            <report>
                <DQ_ConceptualConsistency>
                    <result>
                        <DQ_ConformanceResult>
                            <specification gco:nilReason="missing"/>
                            <explanation>
                                <gco:CharacterString>This dataset contains topological errors. These can be identified using topological tools in ARCMAP. They are isolated to a few locations and are inherent to the original input data. The topological errors do not detract from any application or use of this dataset.The original input data capture followed the `Guidelines for Surveying Soil and Land Resources', McKenzie et al.</gco:CharacterString>
                            </explanation>
                            <pass gco:nilReason="inapplicable"/>
                        </DQ_ConformanceResult>
                    </result>
                </DQ_ConceptualConsistency>
            </report>
            <report>
                <DQ_AbsoluteExternalPositionalAccuracy>
                    <result>
                        <DQ_ConformanceResult>
                            <specification gco:nilReason="missing"/>
                            <explanation>
                                <gco:CharacterString>Polygon boundaries are probabilistic interpretations of changes in vegetation, soil, geomorphology or land type for the project scale. Conceptually, boundary widths can vary from extremely fine to very broad gradations. Polygon boundary identification was based on the dominant community/geomorphology therefore producing a hard line boundary for a potential gradual on the ground feature.The estimated positional accuracy of map polygons is within 100m. For more accurate information use the original input data metadata.</gco:CharacterString>
                            </explanation>
                            <pass gco:nilReason="inapplicable"/>
                        </DQ_ConformanceResult>
                    </result>
                </DQ_AbsoluteExternalPositionalAccuracy>
            </report>
            <report>
                <DQ_NonQuantitativeAttributeAccuracy>
                    <result>
                        <DQ_ConformanceResult>
                            <specification gco:nilReason="missing"/>
                            <explanation>
                                <gco:CharacterString>Attributes relating specifically to environmental characteristics important for Reef water quality have been extracted from the SALI database.Metadata for the original input data is available but generally all attribute information was extensively checked to ensure high attribute accuracy.</gco:CharacterString>
                            </explanation>
                            <pass gco:nilReason="inapplicable"/>
                        </DQ_ConformanceResult>
                    </result>
                </DQ_NonQuantitativeAttributeAccuracy>
            </report>
            
            
            
            
            <lineage>
                <LI_Lineage>
                    <statement>
                        <gco:CharacterString>Individual land resource projects spatial layers are joined and clipped to the project boundary.The environmental characteristics relevant for reef water quality are extracted from the SALI database for the project polygons. Reclassification for presentation and ease of use is carried out and symbology added.</gco:CharacterString>
                    </statement>
                    
                    
                </LI_Lineage>
            </lineage>
        </DQ_DataQuality>
    </dataQualityInfo>
    <metadataConstraints>
        <MD_SecurityConstraints>
            <useLimitation>
                <gco:CharacterString>Public</gco:CharacterString>
            </useLimitation>
            <classification>
                <MD_ClassificationCode codeList="http://www.isotc211.org/2005/resources/Codelist/gmxCodelists.xml#MD_ClassificationCode" codeListValue="unclassified"/>
            </classification>
            <classificationSystem>
                <gco:CharacterString>Metadata Access Level</gco:CharacterString>
            </classificationSystem>
        </MD_SecurityConstraints>
    </metadataConstraints>
</MD_Metadata>